weekly_self_study_hours,attendance_percentage,class_participation,total_score
18.5,95.6,3.8,97.9
14.0,80.0,2.5,83.9
19.5,86.3,5.3,100.0
25.7,70.2,7.0,100.0
13.4,81.9,6.9,92.0
13.4,65.1,5.0,97.5
26.1,81.8,5.9,100.0
20.4,100.0,4.0,96.1
11.7,100.0,8.2,69.8
18.8,67.6,6.0,80.3
11.8,82.3,4.6,66.4
11.7,75.9,7.6,72.5
16.7,77.9,2.5,95.2
1.6,92.1,5.7,60.9
2.9,90.7,5.4,52.1
11.1,87.4,3.9,73.5
7.9,85.9,7.7,63.0
17.2,74.0,8.1,100.0
8.6,100.0,9.0,75.4
5.1,91.4,4.5,57.9
25.3,89.3,6.4,100.0
13.4,93.5,9.4,79.0
15.5,100.0,8.5,76.3
5.0,74.2,5.0,58.7
11.2,96.1,4.9,68.3
15.8,81.1,5.0,97.2
6.9,73.6,6.1,68.4
17.6,83.9,8.9,100.0
10.8,86.2,3.4,63.6
13.0,75.0,5.7,89.2
10.8,76.6,5.0,77.4
28.0,89.2,6.5,100.0
14.9,68.4,7.2,82.6
7.6,93.0,6.2,71.9
20.8,85.2,7.7,97.4
6.5,86.4,8.2,61.6
16.5,86.8,4.6,99.5
1.3,92.9,8.6,50.1
5.7,93.4,8.3,56.7
16.4,76.5,2.6,84.0
20.2,85.6,5.6,100.0
16.2,84.2,7.0,100.0
14.2,76.5,6.1,63.6
12.9,78.7,3.7,100.0
4.7,100.0,3.3,55.9
10.0,83.4,7.3,89.6
11.8,89.5,3.3,78.7
22.4,85.9,5.8,90.3
17.4,79.9,7.6,71.0
2.7,77.5,6.4,51.1
17.3,93.8,8.8,82.7
12.3,84.6,6.8,91.0
10.3,90.3,6.0,92.7
19.3,77.7,8.2,100.0
22.2,80.2,4.1,100.0
21.5,84.1,7.7,100.0
9.1,81.4,5.4,76.9
12.8,83.7,4.9,91.9
17.3,99.0,6.9,89.5
21.8,94.7,6.0,100.0
11.6,80.9,2.7,71.2
13.7,89.6,5.5,81.9
7.3,68.3,6.9,67.1
6.6,85.3,3.4,69.9
20.7,85.8,6.8,96.5
24.5,82.0,8.4,100.0
14.5,73.7,7.1,80.4
22.0,85.0,9.7,92.2
17.5,83.1,8.8,83.6
10.5,91.8,3.8,78.8
17.5,82.9,5.2,93.2
25.8,82.6,7.0,100.0
14.7,70.6,3.8,84.5
26.0,88.5,9.0,100.0
0.0,86.4,6.8,47.4
20.8,81.6,4.4,97.5
15.6,90.1,7.7,90.8
12.9,80.4,6.0,87.7
15.6,100.0,6.1,91.7
1.1,81.4,4.3,54.6
13.5,69.7,5.5,81.0
17.5,64.4,6.4,79.5
25.3,85.0,4.3,100.0
11.4,83.4,8.3,62.3
9.3,69.7,7.5,64.9
11.5,84.1,4.5,93.3
21.4,100.0,4.6,100.0
17.3,64.7,8.9,98.4
11.3,80.9,4.2,69.2
18.6,80.6,4.4,93.9
15.7,74.6,3.3,100.0
21.8,92.7,7.9,100.0
10.1,78.4,4.9,79.7
12.7,95.9,6.3,86.6
12.3,70.9,8.5,72.0
4.8,79.9,4.2,73.6
17.1,76.7,7.6,67.3
16.8,95.7,5.3,73.1
15.0,80.7,6.0,100.0
13.4,91.1,6.0,63.9
5.1,62.6,8.3,72.9
12.1,94.3,2.2,73.4
12.6,73.3,4.5,68.1
9.4,72.5,5.4,86.1
13.9,91.9,9.5,83.0
17.8,74.7,4.6,77.7
28.2,97.9,6.3,100.0
16.2,100.0,5.0,93.6
16.8,81.5,4.9,100.0
14.5,82.3,3.9,100.0
1.6,97.0,5.3,43.5
14.8,75.1,5.5,93.8
15.4,96.3,5.7,78.9
32.2,84.4,4.9,100.0
13.7,93.3,5.3,84.2
17.1,77.8,9.3,100.0
14.8,97.8,5.0,100.0
6.8,70.7,6.4,73.2
23.0,99.6,7.8,100.0
20.3,96.1,7.7,95.4
20.5,79.3,8.2,92.1
8.6,88.4,6.7,76.7
24.8,80.0,6.6,100.0
5.2,87.7,6.9,74.1
19.1,79.9,3.6,74.2
30.3,75.7,1.1,100.0
8.1,88.9,4.5,74.0
11.0,87.0,5.5,72.6
15.7,84.9,6.5,74.8
11.5,83.8,3.1,54.7
4.1,92.4,2.5,50.6
15.5,80.1,6.5,86.8
7.6,77.9,4.6,92.6
18.3,97.3,7.5,97.3
8.6,80.4,6.1,70.6
25.8,77.7,6.9,100.0
9.5,79.3,3.6,81.9
12.7,78.3,10.0,78.7
20.7,100.0,6.1,100.0
6.4,84.1,4.8,54.8
16.6,70.8,7.0,95.0
24.1,86.1,4.2,100.0
3.7,71.7,1.2,58.2
16.3,100.0,5.7,87.9
16.8,100.0,7.8,86.2
20.5,94.3,9.7,86.1
6.3,89.3,5.6,58.9
5.8,69.8,9.7,62.3
18.7,92.8,10.0,100.0
17.1,82.5,5.8,83.5
16.8,74.8,6.2,90.2
17.4,70.0,8.4,94.4
10.2,88.5,7.7,85.4
16.6,81.2,4.8,100.0
17.1,76.4,3.3,100.0
10.0,90.3,5.5,92.4
28.1,100.0,5.5,100.0
18.3,97.0,6.1,79.6
6.7,89.3,4.4,54.8
19.6,78.5,10.0,93.2
8.2,93.6,6.8,72.0
20.5,96.7,5.5,95.8
23.1,93.9,2.1,100.0
9.3,97.0,4.9,75.8
21.7,74.0,4.6,97.4
17.9,78.1,6.8,100.0
20.8,77.4,3.9,100.0
28.3,87.7,3.9,100.0
13.3,83.4,7.8,72.2
9.7,80.5,9.9,72.9
8.8,95.0,7.2,63.2
9.3,88.5,8.7,66.2
14.5,79.3,8.1,75.6
17.4,93.7,6.9,100.0
16.9,84.0,4.5,75.5
20.8,82.0,7.2,89.5
15.1,63.3,4.8,89.2
25.2,88.0,6.0,100.0
13.1,79.1,4.8,92.9
34.0,100.0,0.6,100.0
19.4,94.8,7.4,100.0
9.0,97.2,4.7,84.7
7.5,85.6,8.2,80.1
18.4,100.0,9.4,100.0
13.4,100.0,6.4,75.9
20.0,84.5,3.8,100.0
18.3,89.6,6.7,96.5
14.5,81.9,1.8,97.2
9.1,85.6,5.6,58.2
4.4,86.9,6.1,52.2
11.9,92.4,9.6,70.1
21.0,79.3,6.2,100.0
16.5,100.0,6.9,89.0
6.3,75.7,4.1,44.1
16.2,81.8,4.7,80.5
17.7,89.0,4.9,92.5
8.8,93.2,4.6,65.4
16.1,82.7,6.2,93.9
15.4,68.2,9.3,99.8
7.0,78.7,5.2,53.2
17.5,96.8,8.7,85.9
18.9,82.4,5.8,100.0
22.6,80.2,5.0,100.0
22.4,77.5,5.1,99.4
5.4,78.4,6.4,63.0
8.4,87.1,8.2,70.2
18.6,98.2,1.0,90.5
18.6,93.9,2.5,83.7
18.6,89.0,2.7,98.1
40.0,68.1,6.7,100.0
19.0,88.0,7.3,95.5
22.9,79.5,5.2,100.0
21.7,98.3,7.1,100.0
19.6,82.6,8.7,90.2
12.8,89.1,2.9,87.9
20.3,81.4,7.1,100.0
9.6,82.6,6.0,83.0
13.3,80.9,4.6,97.4
11.6,71.3,1.9,70.6
15.6,85.3,7.6,83.7
31.2,95.1,2.1,100.0
1.9,78.8,10.0,46.4
19.8,83.0,4.6,100.0
3.7,100.0,5.0,63.1
11.7,90.1,9.4,87.4
22.6,73.5,4.8,100.0
15.4,97.2,8.9,65.7
7.5,76.3,6.5,54.2
10.0,65.7,10.0,69.5
19.8,84.4,7.6,100.0
9.9,94.1,4.5,79.0
16.5,99.4,6.7,100.0
15.3,76.5,6.7,81.5
10.4,95.9,6.3,85.8
30.0,81.2,8.1,100.0
19.4,83.3,1.8,100.0
0.8,91.0,4.2,53.0
16.3,70.2,7.5,96.0
10.4,85.9,4.1,81.2
21.0,96.9,8.9,100.0
9.5,81.8,4.9,55.0
14.2,87.3,7.1,81.5
18.5,86.9,4.7,72.7
21.1,88.6,8.5,100.0
6.6,96.5,6.5,55.6
12.7,77.4,10.0,91.1
11.7,89.4,3.1,80.0
10.4,79.9,1.6,71.4
27.4,97.6,6.7,100.0
17.8,78.1,8.5,89.5
6.2,83.9,3.5,74.7
21.4,88.4,6.7,100.0
29.9,90.6,4.3,100.0
22.2,90.5,6.7,94.1
4.4,83.1,6.5,38.9
11.6,81.8,6.0,69.5
23.9,68.3,7.0,100.0
10.0,85.0,4.7,60.4
18.1,74.1,3.5,98.1
20.4,85.1,2.2,100.0
8.5,78.2,7.0,77.7
14.6,66.7,1.1,81.2
0.0,100.0,6.6,57.8
7.8,76.7,5.5,63.8
13.2,74.0,4.4,69.4
6.3,89.9,8.8,68.7
26.4,74.0,9.4,100.0
5.0,83.2,5.5,57.2
11.9,75.7,3.4,69.3
15.9,79.9,1.7,83.5
25.1,83.8,5.4,100.0
4.9,91.8,6.2,69.7
23.1,96.6,8.9,100.0
15.1,72.9,2.0,90.1
8.1,81.6,3.9,78.1
18.2,72.6,7.1,100.0
16.4,82.9,5.9,76.2
10.8,77.5,8.7,69.6
15.5,74.9,6.2,77.6
12.3,74.2,6.9,82.4
15.8,74.8,8.9,89.1
19.6,88.3,6.5,100.0
26.1,100.0,3.9,100.0
6.3,76.6,4.1,43.9
29.9,81.2,5.6,100.0
1.3,82.9,5.5,54.5
13.9,88.5,8.0,62.1
19.1,80.3,4.9,100.0
17.0,92.4,5.7,85.6
10.6,83.8,4.4,80.8
13.5,92.2,7.4,92.4
11.5,89.6,6.3,71.6
10.9,88.2,5.2,74.5
20.9,76.2,8.1,87.5
17.5,92.0,7.0,89.9
10.1,90.0,3.0,80.4
21.3,100.0,6.9,94.9
17.2,77.6,6.7,92.6
20.7,84.6,10.0,95.8
19.4,93.6,6.2,100.0
9.2,89.2,3.9,62.9
11.1,90.4,5.9,81.1
20.2,70.6,4.7,100.0
19.3,91.1,5.8,100.0
14.9,97.7,6.0,87.6
15.8,73.4,8.9,88.1
23.9,86.1,4.9,100.0
10.9,80.5,5.7,77.1
18.8,87.2,4.2,80.0
13.6,97.7,3.5,100.0
13.5,73.9,8.6,90.6
22.7,85.4,9.2,95.9
20.8,84.2,7.3,99.6
20.7,88.8,3.8,100.0
24.1,80.4,4.9,100.0
15.1,100.0,1.8,82.2
19.8,73.4,2.8,100.0
12.8,97.7,8.1,79.8
17.3,85.2,6.6,94.6
14.1,73.8,5.2,84.1
15.7,85.1,7.4,85.3
19.2,74.7,6.4,87.2
9.3,70.9,6.1,80.3
29.6,100.0,6.1,100.0
8.0,90.2,4.8,71.6
6.5,86.0,8.6,75.5
23.1,81.6,3.7,98.6
20.5,93.7,8.2,100.0
19.4,87.7,5.8,100.0
19.4,80.3,5.4,97.9
14.9,100.0,10.0,90.5
8.7,87.3,4.5,41.3
15.5,75.8,7.2,93.3
10.3,78.2,10.0,81.3
21.8,88.8,7.0,100.0
14.0,98.7,6.6,97.8
9.2,88.3,8.0,56.7
12.8,94.1,7.1,81.2
17.9,78.4,5.8,99.9
11.1,88.1,7.4,94.6
9.2,83.7,2.4,72.9
16.7,74.9,5.1,80.6
16.7,94.9,10.0,97.0
11.5,78.1,5.8,89.4
11.7,97.9,8.2,79.7
16.6,100.0,4.3,100.0
4.9,91.0,6.0,59.0
5.1,79.5,7.9,56.9
10.0,72.0,6.4,79.9
13.5,80.0,4.4,91.5
17.2,85.4,4.9,100.0
25.3,85.3,7.6,100.0
21.0,73.6,6.7,87.3
13.9,65.4,3.9,87.4
14.9,87.1,6.9,88.3
8.0,94.8,6.2,68.8
14.9,90.4,7.2,94.7
13.0,92.5,7.8,76.4
17.3,90.4,6.4,100.0
9.2,82.3,6.9,72.1
18.6,100.0,4.6,83.7
25.7,65.4,6.7,100.0
14.2,88.1,6.0,85.1
17.8,82.1,3.7,89.5
19.8,80.0,1.9,95.4
12.2,97.8,3.5,82.5
16.6,89.5,7.2,77.5
15.1,99.6,5.6,89.9
15.7,91.3,3.1,93.3
9.6,94.4,7.5,80.0
15.2,88.4,5.7,96.4
18.5,97.3,6.4,95.0
25.2,100.0,6.9,100.0
21.7,97.8,1.2,100.0
30.1,99.7,6.6,100.0
9.6,89.8,3.2,82.4
21.1,80.3,7.5,92.2
16.3,94.9,6.0,100.0
30.3,64.4,4.1,100.0
9.3,81.7,3.8,60.4
9.1,68.2,2.6,76.5
10.8,87.0,6.3,88.7
0.1,100.0,9.0,33.8
11.3,76.4,6.7,67.3
9.7,96.9,10.0,87.6
16.1,76.0,9.5,92.1
17.4,76.8,6.7,85.4
28.1,77.2,7.5,100.0
21.7,85.5,5.8,100.0
11.0,70.7,5.4,97.6
8.7,84.9,4.2,54.1
18.4,92.8,4.6,85.8
5.8,88.0,4.8,63.1
27.8,80.3,9.5,100.0
23.3,90.6,6.3,100.0
11.7,92.7,7.5,89.6
3.0,86.6,6.5,58.6
24.5,85.5,8.1,100.0
14.2,100.0,7.2,81.5
23.7,87.9,6.6,100.0
3.8,85.8,4.7,67.2
10.8,88.7,4.5,67.8
15.0,91.7,4.4,87.4
15.3,82.9,9.9,90.2
11.8,73.2,2.7,64.9
19.4,67.1,6.5,88.6
7.5,87.5,7.6,81.3
14.0,76.5,5.4,88.5
15.8,90.0,4.9,85.6
18.6,87.8,4.1,91.5
20.0,83.3,6.5,100.0
7.1,83.1,8.3,66.4
4.3,77.5,5.9,54.3
23.9,70.1,7.7,100.0
17.3,91.6,5.5,89.6
9.8,94.2,5.6,89.2
25.9,79.2,5.7,100.0
15.8,90.1,5.7,96.3
23.3,66.9,4.6,100.0
15.5,98.2,4.7,90.5
29.4,91.3,7.9,100.0
27.3,83.0,5.4,100.0
13.3,75.8,8.7,71.4
21.8,100.0,7.1,89.8
19.5,91.0,7.2,81.8
24.6,93.6,4.9,100.0
8.2,85.1,9.9,74.1
19.8,100.0,4.9,100.0
22.4,82.9,4.4,96.4
2.7,88.0,5.1,47.0
6.7,90.2,4.2,46.4
0.7,89.0,6.8,54.4
13.1,93.6,5.3,76.0
20.0,80.1,2.2,97.8
25.5,95.1,6.7,100.0
15.5,91.8,4.9,92.8
26.4,90.4,6.3,100.0
5.3,97.0,3.7,78.9
3.1,78.2,3.8,74.0
14.6,81.0,5.5,75.3
17.7,90.2,6.1,88.4
14.8,95.8,7.9,81.0
0.5,89.4,8.9,45.8
14.4,97.7,6.4,80.3
5.9,89.5,8.3,69.6
19.7,81.0,7.8,98.2
17.6,84.0,5.5,100.0
8.4,95.8,6.2,89.5
11.4,95.8,7.2,66.9
7.6,61.6,8.4,80.3
14.6,92.6,2.8,67.3
21.7,80.6,8.4,100.0
8.1,99.4,4.8,78.7
18.5,94.1,8.1,86.2
11.3,92.8,7.5,71.9
9.4,88.3,6.6,49.3
14.3,83.4,5.0,93.4
7.8,89.2,6.4,55.0
11.1,76.4,4.3,79.6
6.6,99.9,4.2,51.9
28.8,70.1,3.9,100.0
15.2,100.0,3.5,94.0
10.1,100.0,4.9,96.2
16.5,78.7,5.9,77.5
14.2,81.9,6.0,85.2
13.5,96.6,4.9,99.2
19.3,72.7,7.2,92.8
20.3,89.4,4.9,100.0
11.3,97.7,5.0,72.3
11.0,96.7,7.0,65.7
13.1,82.8,8.9,66.0
0.0,97.2,3.9,60.0
4.4,88.1,4.5,63.6
24.6,98.7,5.5,100.0
26.5,77.8,6.3,100.0
13.3,79.0,8.2,82.1
19.0,94.1,6.1,83.4
17.2,98.3,5.3,97.2
36.6,77.7,5.2,100.0
22.8,89.4,5.0,100.0
14.1,80.7,6.2,80.2
8.3,78.0,5.5,78.5
3.8,88.3,6.5,67.7
16.4,84.5,3.7,75.5
9.7,79.7,4.8,74.0
5.0,74.5,6.5,68.5
10.5,52.5,4.4,66.9
7.4,84.7,4.2,87.8
26.8,72.8,6.4,100.0
21.2,82.5,9.3,100.0
14.9,96.7,8.4,88.1
25.4,78.1,5.4,100.0
15.5,70.6,8.4,100.0
9.0,90.3,3.4,85.5
25.7,88.9,6.6,100.0
18.8,83.2,7.7,100.0
7.7,81.4,5.3,72.8
13.7,87.0,5.6,100.0
8.9,87.4,4.0,63.5
5.3,74.2,8.9,72.7
21.5,99.4,2.8,100.0
28.4,78.6,5.8,100.0
5.2,67.6,6.2,69.7
18.9,82.7,3.6,95.4
10.4,73.6,3.6,56.8
11.6,98.6,5.9,75.2
10.9,83.9,4.5,72.6
9.0,92.6,6.7,64.6
15.3,94.6,8.4,72.6
9.2,87.1,2.4,80.7
16.9,100.0,3.0,89.4
14.6,91.1,8.7,91.1
13.3,85.4,0.9,92.8
8.6,88.3,9.3,63.2
11.0,76.1,6.1,80.9
20.3,75.4,5.2,94.3
18.5,93.7,5.5,92.6
8.2,85.4,3.9,65.8
15.7,94.4,8.0,96.1
20.3,98.4,5.2,100.0
3.3,90.4,6.3,66.1
18.8,98.8,5.9,90.7
10.4,60.2,7.7,63.3
19.0,85.9,8.0,100.0
9.7,85.1,7.6,63.5
2.4,77.1,6.6,79.1
3.6,86.1,5.8,63.9
15.3,76.4,8.8,88.2
16.8,91.0,6.8,79.1
8.7,83.1,6.6,70.6
19.5,77.4,5.3,99.3
3.4,90.9,4.4,55.1
14.5,100.0,4.7,81.3
6.5,81.6,6.6,43.0
10.4,83.7,6.1,89.0
15.3,88.2,8.9,78.5
9.0,82.4,7.5,77.6
12.3,86.8,7.1,92.0
22.0,74.0,4.5,100.0
11.0,73.6,9.0,73.2
20.8,81.3,6.2,96.5
7.1,81.6,4.5,62.1
18.7,87.9,7.3,86.1
25.1,90.6,6.9,100.0
0.0,75.7,6.8,37.8
9.4,84.1,4.8,65.3
19.0,80.5,6.3,79.8
13.6,94.1,8.2,100.0
17.6,74.9,7.5,89.2
10.8,94.3,7.0,79.8
15.6,90.9,6.0,100.0
13.9,86.3,5.6,87.0
23.2,82.3,8.7,98.9
16.8,78.2,7.9,98.6
17.4,75.7,4.7,100.0
12.1,100.0,6.7,86.5
11.6,89.1,9.0,76.3
12.0,80.6,7.7,82.8
17.8,73.9,4.2,100.0
12.1,67.1,3.3,100.0
17.0,79.1,4.8,100.0
29.5,94.1,2.5,100.0
21.1,79.6,7.1,72.2
12.7,76.7,7.6,87.8
23.4,84.8,8.4,100.0
12.1,80.1,9.8,100.0
0.7,94.0,6.1,63.1
7.9,68.0,7.0,61.8
1.9,97.1,8.5,58.9
12.5,88.3,5.9,76.3
15.1,100.0,5.0,100.0
26.7,76.0,4.1,100.0
17.3,76.1,6.6,99.4
13.5,79.3,6.5,89.0
20.8,77.4,6.4,83.8
0.0,82.6,8.4,61.9
16.6,75.8,8.5,80.1
20.4,100.0,3.8,95.8
4.6,75.5,6.6,58.1
23.0,93.0,7.6,100.0
17.4,92.8,5.1,86.0
12.1,75.1,4.0,86.8
19.4,89.4,3.6,100.0
30.9,100.0,7.1,100.0
16.3,74.3,6.4,99.9
16.7,79.0,5.4,84.2
11.8,89.6,3.9,80.9
9.1,80.8,3.1,72.0
20.8,80.6,5.3,100.0
9.0,85.2,4.3,65.3
15.5,81.6,7.6,93.7
11.7,77.2,6.3,67.8
18.4,79.1,2.0,91.3
17.3,98.2,4.7,84.9
22.3,91.5,4.5,99.3
11.4,87.0,8.9,67.3
13.1,63.1,4.0,99.9
8.1,84.5,4.6,74.1
11.9,65.9,4.7,100.0
17.6,93.8,7.0,91.4
20.3,69.7,3.6,89.6
8.5,81.2,10.0,76.3
21.1,99.7,6.0,100.0
24.5,80.9,8.2,100.0
17.9,80.6,6.0,100.0
28.1,97.7,6.0,100.0
9.6,83.5,6.9,77.4
6.3,78.5,6.8,52.3
2.5,94.0,7.6,51.9
25.5,80.4,5.2,100.0
19.6,75.5,10.0,100.0
14.6,72.6,7.3,74.7
17.0,93.8,7.0,99.1
7.1,100.0,6.3,70.6
32.1,78.9,4.7,100.0
15.9,90.2,7.6,97.6
15.8,92.5,3.3,96.7
20.1,79.0,8.9,100.0
18.4,100.0,8.5,98.9
16.6,91.6,4.9,93.2
9.5,79.8,4.7,73.6
18.3,89.0,9.0,89.7
28.2,78.6,5.8,100.0
24.4,92.7,4.3,100.0
26.2,77.9,4.6,100.0
11.4,90.2,6.9,91.1
8.1,77.5,5.2,71.1
14.1,85.0,5.3,69.3
15.4,82.3,5.4,80.9
22.7,89.6,5.7,100.0
3.2,86.8,4.4,66.2
25.7,94.9,4.4,100.0
13.9,80.0,7.2,89.4
12.0,92.4,5.6,78.3
7.9,71.9,6.9,67.3
3.4,77.7,6.4,69.2
20.8,87.1,8.6,100.0
15.5,100.0,5.4,89.9
6.0,91.7,5.3,49.8
5.9,74.6,6.5,82.7
12.6,100.0,8.4,82.1
26.7,100.0,6.0,100.0
13.2,85.6,7.9,94.7
4.5,73.1,5.3,65.7
13.3,70.8,6.6,74.0
13.1,90.4,5.6,83.8
0.0,80.5,6.7,44.5
14.6,91.4,6.5,90.0
13.4,91.3,1.8,86.9
19.9,94.1,1.9,93.6
27.9,74.4,6.1,100.0
22.9,89.2,6.2,100.0
13.1,75.2,4.4,75.9
7.3,100.0,6.4,78.6
33.0,85.3,5.7,100.0
15.4,76.3,7.4,97.4
15.1,77.8,6.9,94.8
14.8,89.0,6.3,93.2
16.4,86.7,6.3,92.2
14.0,85.6,5.3,75.2
11.0,84.3,4.1,73.4
11.2,79.6,0.8,81.0
14.8,89.5,8.6,98.8
11.2,93.5,7.8,86.1
10.0,75.6,6.1,84.2
15.7,93.5,7.8,78.1
13.2,100.0,6.6,84.4
25.5,81.7,5.3,100.0
0.0,86.4,4.5,34.5
22.6,83.7,5.9,100.0
23.7,84.7,5.8,97.7
0.5,82.0,6.8,51.8
12.6,77.7,4.4,81.9
12.4,90.0,7.4,87.5
5.1,88.4,6.2,70.5
9.6,78.0,6.1,76.2
7.2,81.4,4.1,74.6
27.3,88.2,6.6,100.0
21.5,81.2,9.7,100.0
23.9,74.2,10.0,100.0
20.1,82.8,5.0,100.0
7.1,91.7,6.2,83.2
11.3,90.3,7.0,94.8
18.4,90.2,8.3,100.0
6.4,69.1,5.7,51.6
20.0,84.5,7.9,100.0
13.3,57.2,8.2,95.1
12.4,78.5,4.4,76.5
20.0,84.6,6.0,100.0
18.1,75.7,3.1,100.0
12.5,64.0,6.6,68.5
23.1,80.8,10.0,100.0
7.4,100.0,4.1,66.7
19.3,97.0,6.0,96.8
19.2,84.3,5.2,100.0
12.8,94.0,5.9,100.0
17.3,75.5,9.4,100.0
6.2,82.5,3.1,70.2
21.5,71.9,8.7,100.0
13.7,100.0,6.9,71.1
11.3,100.0,2.8,75.4
22.3,78.9,3.4,96.1
10.1,94.6,8.9,87.0
5.1,81.0,3.4,62.9
4.1,68.5,5.4,71.4
19.2,100.0,7.9,100.0
6.0,62.4,5.1,75.6
27.3,89.8,4.7,100.0
0.4,91.7,5.4,50.5
26.9,74.4,10.0,100.0
16.5,88.5,2.7,77.2
14.3,93.9,8.4,93.7
11.2,89.9,8.5,61.4
17.8,82.3,2.7,98.9
14.7,91.2,9.2,89.5
22.7,79.3,4.0,100.0
15.8,100.0,3.0,100.0
16.1,100.0,5.9,97.3
12.5,82.9,4.6,78.4
14.6,81.4,5.4,81.8
17.2,99.6,5.7,87.4
3.0,91.5,9.1,46.6
5.6,68.4,3.3,71.2
20.2,95.3,5.3,100.0
16.2,71.3,4.5,86.1
13.7,69.9,5.3,99.6
15.1,92.9,3.6,100.0
17.4,64.5,8.2,83.7
11.2,98.2,5.9,81.0
9.6,96.0,7.5,80.7
16.4,91.7,7.8,80.7
8.2,93.2,3.8,81.6
17.9,80.8,3.9,80.8
3.1,88.7,3.5,48.3
22.2,91.4,7.1,99.5
18.3,88.2,3.9,98.8
16.8,95.6,7.4,74.4
21.9,86.5,8.4,100.0
26.7,60.0,5.1,100.0
22.1,94.4,5.5,93.4
2.1,70.4,4.6,67.0
6.0,71.4,6.4,92.3
10.6,70.8,5.7,82.2
15.2,80.8,5.8,77.4
18.6,88.3,6.2,97.9
9.9,75.0,4.3,84.0
16.3,64.5,7.3,85.2
9.7,85.6,4.6,76.2
10.7,100.0,3.4,70.9
5.2,87.8,6.4,62.5
8.5,82.2,6.6,77.6
5.5,64.4,4.4,76.0
8.2,93.4,6.0,84.5
22.4,77.3,7.6,100.0
8.4,79.1,6.7,83.0
33.4,78.4,6.7,100.0
18.5,80.7,6.0,94.7
16.3,69.5,9.8,91.8
9.0,96.7,7.3,62.0
19.9,81.7,6.4,100.0
11.0,92.9,6.0,72.6
15.9,80.6,4.6,98.1
32.9,100.0,2.9,100.0
14.3,88.0,5.7,97.8
23.0,89.2,4.6,100.0
10.1,63.8,3.1,67.8
14.8,86.9,4.8,85.0
27.4,82.0,4.1,100.0
10.6,76.3,5.0,77.6
27.7,73.8,9.2,100.0
20.0,78.6,6.0,100.0
11.1,83.8,6.9,78.9
19.4,81.4,7.9,100.0
21.8,88.7,6.5,88.1
19.4,78.6,8.0,85.6
4.0,92.1,6.6,74.8
9.9,95.3,7.6,70.7
13.3,91.1,3.4,71.3
14.5,86.2,3.9,100.0
19.3,83.8,5.6,100.0
16.2,93.9,4.8,86.9
5.7,91.7,7.8,80.2
17.7,84.4,5.8,98.3
19.3,80.6,5.0,100.0
18.9,89.0,5.4,79.8
22.6,84.4,1.6,100.0
20.8,88.2,5.2,100.0
18.2,78.9,8.3,93.4
14.5,75.0,3.6,88.4
3.4,91.5,2.0,58.0
18.0,69.9,5.8,100.0
16.5,95.8,10.0,93.5
16.9,90.6,3.5,95.4
6.1,94.1,5.3,74.6
7.4,97.7,6.0,73.7
22.4,86.4,6.6,100.0
14.7,82.6,4.4,97.2
19.8,73.6,7.4,80.1
15.2,81.7,4.4,90.1
15.2,72.5,6.4,100.0
21.6,73.2,7.5,89.3
11.4,74.1,4.5,80.6
15.7,93.0,6.2,100.0
11.8,83.6,6.2,68.5
12.0,86.6,6.8,75.6
12.8,77.6,9.0,100.0
16.6,72.1,4.8,97.5
11.6,79.2,8.0,84.5
23.8,100.0,5.3,93.9
8.7,90.1,4.2,74.1
13.7,95.7,6.2,77.1
11.9,85.8,6.2,74.8
25.1,84.2,6.4,100.0
16.4,85.6,4.8,96.1
22.2,57.4,6.1,100.0
4.6,93.4,5.5,51.4
16.9,64.0,5.0,80.3
21.2,81.8,4.9,100.0
15.6,65.4,4.4,88.4
22.5,91.4,5.6,100.0
11.4,79.3,2.3,75.3
24.9,97.8,3.5,100.0
31.1,86.7,7.1,100.0
12.5,92.7,7.9,75.1
11.9,78.9,6.8,75.5
25.2,68.0,4.9,100.0
26.1,92.7,5.9,100.0
11.3,81.2,7.5,62.2
12.1,98.9,7.2,71.6
13.0,64.2,5.4,97.3
5.6,76.0,9.1,60.5
8.6,59.9,7.2,65.2
8.0,79.4,4.8,71.7
9.6,89.3,4.7,77.6
14.8,83.7,7.5,100.0
16.6,88.9,4.6,100.0
25.9,86.2,9.1,100.0
8.0,68.7,9.8,100.0
21.9,87.9,6.9,100.0
13.5,94.0,5.8,77.3
14.7,79.6,2.5,68.3
19.7,85.9,5.6,90.1
7.1,75.0,4.8,64.4
17.7,100.0,8.8,92.2
16.2,67.9,5.7,70.5
18.4,77.4,5.3,100.0
17.0,85.8,4.7,80.5
32.2,90.5,7.2,100.0
10.5,77.8,4.3,80.0
11.3,79.8,8.1,76.3
10.6,89.2,5.3,86.8
11.1,69.4,6.8,90.2
10.5,91.0,5.8,71.2
23.3,100.0,4.0,94.4
24.9,88.9,4.8,100.0
11.0,100.0,5.9,89.9
9.2,79.4,8.3,62.0
18.3,96.1,5.1,77.0
11.1,90.0,7.0,88.8
19.4,77.9,6.9,100.0
16.4,83.3,5.3,90.8
4.4,82.0,5.1,55.3
25.8,75.6,7.4,100.0
27.6,95.7,4.3,100.0
10.7,75.4,6.4,65.7
12.3,100.0,8.2,86.3
17.0,79.6,10.0,87.1
17.3,87.5,5.3,96.0
19.6,76.0,7.0,100.0
29.1,92.6,1.0,100.0
13.8,77.4,6.7,90.2
9.4,100.0,6.6,95.8
5.3,96.7,6.5,58.9
9.9,97.1,6.2,61.4
14.8,88.1,6.2,65.0
27.6,86.1,8.2,100.0
11.4,95.3,7.9,58.1
16.6,94.2,5.8,99.1
14.9,75.6,7.6,96.2
23.3,84.4,6.9,100.0
32.7,81.8,5.3,100.0
11.3,89.6,7.6,63.2
11.6,96.5,5.4,65.5
22.3,85.6,6.2,100.0
19.8,87.6,6.5,90.1
27.9,96.3,6.2,100.0
19.1,70.0,4.9,85.0
12.5,73.1,6.4,100.0
19.1,97.6,5.5,88.6
22.8,79.9,5.0,90.3
20.7,92.7,6.0,100.0
18.6,78.7,5.5,100.0
22.5,93.6,8.5,100.0
23.2,84.2,8.2,100.0
24.7,76.6,7.7,92.6
19.5,96.5,6.9,94.2
13.8,89.4,4.6,70.1
16.0,79.2,9.0,90.2
23.4,87.4,4.1,100.0
9.3,71.1,7.3,76.5
17.6,78.6,2.5,100.0
12.2,72.3,4.5,73.3
15.2,87.1,5.4,86.1
23.9,72.9,5.6,100.0
16.3,73.1,1.9,77.9
15.3,87.0,1.6,97.9
5.5,79.6,4.5,79.2
20.2,100.0,7.2,100.0
19.5,78.9,0.0,82.8
30.1,81.8,2.9,100.0
12.8,77.0,6.2,90.3
16.5,81.7,5.4,100.0
16.7,83.5,9.5,89.6
26.0,73.8,8.9,100.0
14.3,78.7,8.5,89.4
17.0,75.6,4.4,100.0
19.3,87.4,3.0,96.3
16.3,84.3,1.6,79.3
11.9,69.5,5.1,85.6
16.4,90.4,6.5,80.4
22.5,80.7,6.6,100.0
7.8,90.0,8.9,66.2
15.9,76.5,2.8,87.9
10.1,92.1,9.8,69.3
23.4,89.3,5.1,98.9
4.3,80.2,6.1,65.2
11.1,93.1,6.7,77.1
17.6,69.1,4.6,88.5
26.0,88.0,8.8,100.0
14.5,85.7,6.5,85.1
11.1,60.5,6.5,86.6
28.2,91.5,5.1,100.0
4.9,67.1,2.1,54.9
0.0,86.7,6.2,51.7
18.1,87.1,9.5,91.9
11.5,93.0,3.2,72.2
7.9,87.5,4.1,59.6
20.0,68.2,6.2,100.0
16.7,98.6,7.4,97.6
11.1,80.3,6.4,92.1
6.0,90.4,7.9,53.3
21.1,76.8,8.1,100.0
19.6,70.4,6.3,100.0
14.3,99.1,7.6,80.0
27.9,87.7,8.7,100.0
7.5,88.7,7.8,73.3
4.3,97.0,9.2,64.4
10.2,80.3,5.5,71.1
14.7,83.8,5.3,90.8
16.7,83.1,6.3,77.4
13.3,91.7,8.5,87.1
17.5,78.2,5.9,88.1
6.2,70.0,8.0,62.4
25.1,92.8,4.8,100.0
14.4,82.7,7.2,87.6
22.8,68.9,7.1,100.0
17.4,97.6,1.8,98.9
18.2,91.0,8.1,99.1
19.0,70.0,2.7,88.2
18.1,91.5,5.3,94.7
19.5,70.3,8.5,100.0
24.3,95.4,3.9,100.0
16.4,90.9,6.2,80.7
20.0,80.8,4.7,100.0
14.4,96.9,5.3,95.9
25.1,80.3,4.4,100.0
10.3,81.8,5.5,44.7
27.6,87.4,3.4,100.0
14.7,75.3,3.0,91.3
5.0,82.1,4.1,59.9
15.9,91.3,6.8,100.0
10.2,94.7,6.3,82.3
20.9,87.2,2.8,85.5
10.4,75.6,2.6,67.9
11.9,79.5,5.3,62.4
1.8,77.2,8.7,60.3
11.8,67.7,5.7,74.4
0.0,95.6,3.0,35.8
3.9,68.8,7.7,58.1
20.3,100.0,6.6,95.8
20.5,78.1,3.7,98.3
18.0,69.7,6.6,100.0
8.2,75.1,6.0,63.8
14.7,95.3,8.7,95.2
15.0,86.3,2.8,92.5
6.9,85.0,5.8,68.2
25.5,88.4,8.0,100.0
21.1,86.6,7.6,100.0
13.5,80.5,5.5,91.6
15.2,77.9,5.7,81.7
16.5,50.0,6.0,98.9
0.7,97.8,5.4,61.8
13.3,92.4,5.0,81.7
10.2,77.6,4.0,76.8
8.0,94.0,5.4,66.2
13.0,72.5,3.2,78.1
27.6,92.9,6.5,100.0
19.5,70.2,5.5,91.7
11.0,76.0,4.4,80.7
19.0,86.8,7.4,77.2
24.8,70.7,5.6,100.0
21.5,96.1,6.0,96.3
15.4,93.3,5.4,90.3
10.5,91.3,1.2,77.5
19.9,87.4,7.1,100.0
17.8,93.2,8.2,95.1
21.3,83.7,4.1,100.0
19.4,70.4,7.0,97.6
22.3,72.9,6.5,100.0
11.3,89.8,4.9,84.2
24.2,97.8,4.4,100.0
16.4,92.7,6.9,94.5
29.5,67.6,7.5,100.0
10.2,88.6,5.3,71.7
27.2,83.8,4.2,100.0
16.4,99.6,6.4,100.0
10.4,79.5,3.8,66.1
11.6,88.9,6.0,64.1
12.8,94.2,5.6,71.2
18.0,73.6,2.6,100.0
18.7,68.3,2.2,84.7
11.0,70.8,0.0,96.1
14.8,58.4,6.7,86.1
30.0,80.3,3.6,100.0
27.1,93.7,4.7,100.0
18.1,82.9,3.5,96.4
15.3,93.7,3.5,100.0
15.8,77.8,8.9,100.0
19.3,78.3,5.3,98.3
7.8,65.5,7.7,63.5
13.2,85.6,3.0,74.7
3.3,85.1,7.1,61.4
17.8,100.0,5.3,93.1
19.5,86.0,4.0,100.0
11.6,75.9,9.4,81.2
26.0,70.0,6.1,100.0
6.4,89.1,9.9,74.2
4.7,96.1,5.5,65.2
16.6,86.3,6.9,71.2
22.3,88.3,9.8,100.0
26.8,82.3,6.1,100.0
11.8,77.2,7.8,79.4
22.6,83.5,7.7,100.0
14.7,94.2,4.1,100.0
13.8,95.0,5.6,87.7
21.2,78.0,10.0,100.0
19.6,96.3,4.6,100.0
4.0,89.6,2.4,54.5
25.3,82.1,1.5,100.0
24.7,84.9,7.9,100.0
10.6,79.9,2.4,77.3
17.8,88.9,5.7,96.8
18.5,79.7,8.1,98.7
16.8,100.0,4.5,91.5
11.1,79.4,3.0,85.2
10.3,74.9,6.9,70.7
14.8,87.7,10.0,65.2
23.2,94.7,3.1,100.0
18.8,82.1,8.2,100.0
12.4,85.4,6.4,80.2
20.4,83.7,3.3,90.0
0.0,83.7,9.7,58.7
23.0,77.5,7.7,100.0
2.8,75.9,8.6,50.2
12.5,79.1,4.9,95.7
7.2,73.1,5.8,75.7
5.9,76.5,4.9,68.9
23.1,86.6,8.4,100.0
11.7,84.9,9.0,74.5
17.4,74.3,2.2,76.8
14.7,77.4,6.6,93.2
18.3,100.0,1.0,90.7
15.5,86.2,5.2,85.1
6.0,81.1,6.5,71.5
22.0,94.7,6.8,91.5
11.5,86.2,6.3,81.0
4.1,82.3,6.1,53.6
12.0,71.2,6.3,79.1
25.5,88.1,5.4,100.0
21.0,87.2,6.5,99.2
12.6,67.5,2.7,90.5
12.6,77.1,4.3,74.6
12.7,90.6,3.9,78.1
29.5,62.3,7.7,100.0
17.7,97.5,4.2,93.0
18.0,78.2,6.0,96.6
22.2,78.7,6.1,100.0
16.7,95.4,7.5,93.1
13.2,76.1,1.8,89.9
13.6,80.6,8.7,65.8
14.5,83.3,7.7,99.4
14.7,94.9,4.5,99.4
20.1,88.8,4.1,86.3
15.4,64.1,1.9,86.1
20.1,100.0,8.9,93.9
14.4,69.9,6.2,82.3
15.6,91.3,6.7,86.4
1.0,95.3,8.4,50.4
21.4,100.0,5.3,100.0
17.4,68.2,6.6,100.0
22.0,77.3,9.4,100.0
0.0,84.2,7.6,60.7
29.6,76.6,4.2,100.0
14.0,85.9,7.2,78.9
22.8,74.6,6.9,100.0
7.7,87.2,6.8,73.3
19.3,85.3,5.0,83.2
7.6,100.0,3.4,71.2
10.6,92.6,8.5,88.7
28.4,95.9,4.3,100.0
13.7,88.6,5.7,91.6
16.5,80.4,6.3,97.3
21.1,90.5,3.4,100.0
18.5,80.2,5.9,100.0
16.1,75.1,6.5,98.2
17.6,89.7,8.6,77.7
31.8,100.0,4.9,100.0
14.6,91.0,7.2,84.5
16.4,99.3,10.0,88.4
22.4,90.7,8.7,100.0
22.7,100.0,9.8,100.0
23.3,97.4,6.3,100.0
19.5,98.5,7.3,95.5
7.0,87.0,5.9,58.2
26.4,91.1,5.4,98.0
7.0,82.7,4.8,78.1
17.1,76.6,3.4,100.0
9.7,80.0,9.6,89.7
14.6,81.9,8.0,98.0
17.3,76.8,7.3,100.0
17.2,85.0,9.5,93.7
18.0,97.4,5.8,100.0
26.3,84.8,3.9,100.0
18.2,63.2,5.5,62.8
13.3,79.3,4.8,100.0
21.7,83.5,4.3,100.0
23.3,100.0,4.4,100.0
6.4,78.2,7.3,60.3
19.2,77.6,2.0,100.0
19.9,83.4,5.7,100.0
12.9,88.0,2.9,79.3
24.6,72.8,4.9,100.0
13.9,88.2,2.9,66.3
15.9,89.2,9.6,88.4
13.8,78.1,5.1,76.2
15.1,88.2,9.5,92.3
7.3,73.5,4.3,73.9
4.9,76.9,8.6,49.4
26.2,77.9,5.8,100.0
9.1,78.6,7.2,70.0
8.1,82.3,5.4,66.4
0.0,80.9,7.4,53.6
10.5,74.2,9.8,76.2
5.7,100.0,3.0,62.4
26.5,81.4,6.6,100.0
22.1,82.3,5.7,100.0
10.2,99.0,2.5,82.1
30.8,100.0,4.9,100.0
21.9,85.9,4.3,95.0
12.7,90.9,4.6,68.2
0.0,81.8,3.7,49.9
31.0,75.3,9.5,100.0
5.3,84.1,4.3,68.6
3.5,85.3,7.2,43.9
22.2,85.9,5.9,100.0
32.1,100.0,4.4,100.0
24.7,83.0,7.4,100.0
18.9,73.6,9.3,95.4
19.2,76.3,8.9,100.0
21.0,82.6,5.3,96.9
20.3,64.2,3.4,82.4
17.0,63.0,3.7,89.8
15.7,84.6,6.2,83.8
14.6,82.9,4.3,69.9
9.7,80.8,5.7,82.4
13.0,82.7,5.3,79.3
3.1,84.6,4.8,69.3
14.3,68.9,7.1,98.7
8.1,81.5,6.8,81.5
7.3,86.5,9.5,56.9
16.3,90.9,8.2,90.4
24.7,72.3,6.3,100.0
21.4,100.0,3.0,100.0
4.0,83.4,5.7,64.1
8.1,83.5,1.1,92.4
21.6,99.4,10.0,100.0
8.1,70.6,3.1,72.4
13.4,81.3,3.0,86.6
18.9,90.2,5.1,100.0
8.2,74.7,6.9,62.4
15.7,78.3,7.9,89.9
5.7,76.5,7.4,72.8
10.8,90.0,2.3,82.4
17.2,92.3,8.0,100.0
3.8,78.0,6.3,47.6
18.1,74.9,7.0,100.0
14.9,89.1,4.1,75.0
18.9,85.3,7.2,91.3
16.6,91.9,4.4,99.5
24.5,85.5,6.6,100.0
15.9,65.4,3.0,89.8
12.0,88.3,6.3,69.1
15.9,86.1,6.6,98.7
18.8,88.2,3.1,99.9
15.3,93.1,4.4,87.3
15.3,94.5,10.0,100.0
10.1,85.0,6.5,88.5
10.4,92.5,7.3,85.1
5.2,76.8,9.4,64.1
27.2,69.4,7.1,100.0
6.3,76.2,5.8,52.7
10.1,64.0,6.9,81.4
10.0,82.2,3.2,69.5
21.3,71.8,6.3,100.0
12.9,88.2,6.6,73.7
23.7,71.5,5.5,97.6
10.3,68.5,5.5,86.5
17.0,100.0,5.8,87.5
9.2,82.7,0.0,82.7
30.0,82.2,2.9,100.0
6.7,95.7,5.5,62.5
17.2,66.8,4.0,94.1
19.4,69.8,6.4,100.0
17.9,79.5,0.4,82.7
13.7,81.3,5.7,78.3
14.1,89.7,8.1,75.7
15.3,72.0,6.7,99.9
14.0,87.3,5.5,83.5
21.7,71.2,4.1,100.0
30.5,82.5,5.2,100.0
11.1,93.1,8.4,76.7
5.4,64.8,3.6,48.5
14.4,77.9,6.3,78.9
33.1,66.0,7.9,100.0
9.4,94.7,2.3,83.0
26.5,88.1,5.9,98.8
26.7,89.2,5.9,100.0
11.1,92.0,7.4,66.1
19.0,78.4,5.1,100.0
26.4,74.4,5.0,100.0
12.3,91.8,5.1,82.3
13.6,71.8,7.5,87.4
10.9,82.3,7.7,71.1
7.9,84.7,7.5,67.0
10.5,68.3,5.9,73.1
6.4,94.4,5.0,68.1
15.2,89.1,4.7,86.5
9.6,66.3,6.4,79.1
16.6,85.1,7.2,79.2
4.1,87.9,7.3,50.5
17.3,93.4,6.3,100.0
20.8,90.3,9.5,100.0
1.0,74.2,4.3,60.3
17.6,61.9,6.1,99.5
23.6,97.3,4.9,96.5
6.5,73.7,5.4,54.7
26.7,81.0,5.2,100.0
17.9,80.3,5.1,77.7
10.1,72.3,8.1,75.0
14.6,100.0,5.0,75.5
18.9,66.1,10.0,91.5
15.5,73.5,8.9,97.3
18.8,71.4,4.3,93.9
8.6,85.2,6.1,64.3
16.2,86.4,4.6,72.0
5.1,85.0,4.4,65.5
14.2,88.9,8.6,78.4
8.7,58.9,6.9,65.2
9.9,89.7,4.9,71.3
23.7,91.0,6.5,100.0
22.6,98.0,6.0,100.0
19.3,62.9,6.5,91.9
7.4,86.9,8.4,79.2
12.8,100.0,6.0,82.1
23.5,86.4,6.7,100.0
16.0,94.6,6.6,98.5
31.2,92.7,7.2,100.0
17.8,90.5,6.6,93.0
16.3,76.4,5.7,81.2
12.8,77.8,7.4,71.3
15.9,88.4,7.8,79.0
13.9,82.8,10.0,91.8
20.0,81.1,4.4,95.8
21.7,80.9,5.1,100.0
9.5,78.1,5.6,77.0
5.7,90.1,7.0,68.5
2.1,86.1,3.2,58.7
18.6,94.2,7.8,95.5
7.3,93.6,7.6,66.1
0.0,86.4,8.2,51.7
17.7,86.2,8.9,94.8
32.5,100.0,10.0,100.0
15.0,100.0,5.6,81.2
20.9,78.6,4.6,100.0
15.6,76.5,6.7,97.4
14.3,100.0,7.4,72.3
21.4,77.1,5.5,98.7
13.0,89.4,9.1,75.1
16.9,76.6,8.7,87.3
17.3,87.9,8.3,88.1
10.3,85.1,7.4,68.9
21.9,91.2,7.0,100.0
13.8,81.3,7.9,74.1
9.7,93.5,5.1,80.1
18.8,60.6,10.0,85.7
8.7,81.6,5.3,65.8
15.2,79.2,8.7,84.8
14.9,83.5,6.3,93.0
22.6,70.8,4.4,100.0
18.3,73.8,7.4,95.3
14.8,69.4,7.5,93.3
20.7,87.1,7.9,91.6
24.7,100.0,4.7,100.0
18.9,75.2,7.9,100.0
15.1,100.0,8.1,83.4
5.8,84.1,6.7,59.8
7.5,80.0,6.8,76.7
12.9,81.2,8.3,86.0
10.7,96.3,6.7,69.5
13.7,83.4,3.4,98.7
15.4,92.8,8.5,89.6
18.7,86.3,1.9,95.3
14.5,81.3,4.7,81.8
18.4,80.5,5.9,100.0
15.5,74.7,6.4,86.5
1.2,81.8,5.8,40.6
8.4,85.2,6.9,68.0
14.0,89.7,6.3,88.0
6.5,91.1,6.0,77.6
19.2,85.1,4.4,100.0
25.7,78.9,6.3,100.0
23.5,96.4,5.4,100.0
13.5,77.4,5.9,97.1
25.4,68.5,5.1,100.0
16.0,85.2,7.9,83.9
12.6,63.7,4.0,95.1
10.7,98.2,8.1,82.3
12.9,88.6,4.7,91.0
12.3,93.8,7.2,70.1
16.2,87.2,5.8,94.2
16.1,89.6,5.9,97.5
15.0,73.7,4.4,88.7
18.1,89.6,3.9,100.0
23.3,62.7,3.9,100.0
21.6,91.0,10.0,100.0
4.6,83.3,3.7,55.4
0.0,75.1,7.9,43.6
21.5,80.4,1.7,87.5
5.4,84.4,8.0,57.2
13.4,88.2,8.4,94.3
6.8,79.0,3.7,62.2
2.4,97.4,6.9,47.4
18.8,100.0,5.6,100.0
20.3,75.6,3.6,80.3
11.0,70.3,6.2,72.9
0.0,76.9,10.0,60.7
11.2,84.6,6.6,88.6
17.7,91.4,5.8,82.9
4.6,82.9,8.2,61.4
16.3,86.5,5.2,80.3
14.9,78.7,8.2,74.3
19.1,83.8,2.9,98.8
15.8,82.4,3.6,80.6
8.2,71.8,8.5,40.1
23.4,100.0,7.6,100.0
13.9,83.0,2.8,100.0
14.8,95.5,4.3,78.5
8.5,75.9,4.9,63.9
11.9,78.6,6.3,89.9
8.8,94.5,7.3,64.2
13.8,77.9,3.8,81.9
27.0,92.7,10.0,100.0
5.4,80.8,6.0,65.2
3.7,90.2,6.5,54.6
25.3,72.9,4.5,100.0
13.5,83.6,5.3,66.2
10.3,95.6,6.7,85.9
22.3,78.0,5.2,95.6
10.8,89.4,5.5,76.8
27.8,89.7,4.4,100.0
19.7,87.9,5.1,94.4
11.6,91.0,7.0,98.7
30.1,72.7,7.0,100.0
10.8,64.0,4.9,61.6
20.2,91.0,4.9,100.0
17.1,87.8,5.5,94.1
24.1,71.3,3.9,100.0
25.9,88.4,8.8,100.0
15.2,85.9,4.5,82.9
9.7,83.7,5.4,63.3
18.2,84.6,5.2,93.0
10.3,83.2,10.0,68.4
29.1,75.4,1.4,100.0
16.0,79.7,7.7,100.0
12.4,83.4,4.1,63.5
16.3,100.0,7.0,91.8
5.6,99.2,7.9,53.1
8.2,99.3,7.0,53.4
23.4,88.8,0.6,95.6
10.4,96.5,3.6,80.9
7.7,56.1,4.6,56.7
18.8,76.8,8.7,87.5
23.3,84.2,7.8,100.0
20.0,90.9,5.5,100.0
22.0,84.2,6.0,100.0
9.7,64.4,4.8,52.9
5.0,96.4,3.6,67.4
25.5,74.8,5.6,100.0
12.7,84.8,5.8,76.7
13.2,87.9,2.8,60.9
24.3,91.8,9.8,100.0
18.9,88.8,5.7,99.5
18.2,82.0,3.5,100.0
30.2,76.2,7.1,100.0
10.5,89.7,7.0,76.2
21.5,81.2,7.3,100.0
15.4,86.5,4.8,89.4
16.9,67.8,8.0,90.4
25.7,89.7,7.2,100.0
18.6,81.2,5.6,91.9
18.8,74.1,4.9,100.0
22.5,90.8,4.1,100.0
12.4,79.7,7.7,74.9
9.1,78.7,9.7,46.7
7.7,72.6,7.6,66.0
1.2,90.6,8.1,50.3
29.4,93.1,7.5,100.0
7.3,76.8,4.9,55.8
13.5,90.5,4.0,84.8
13.1,69.1,8.6,88.4
17.2,83.6,3.9,96.4
20.7,79.2,7.8,100.0
21.0,78.9,9.1,94.8
10.9,97.9,5.1,77.5
13.8,90.3,4.5,79.2
17.0,76.4,4.3,93.1
13.3,83.3,7.7,100.0
26.3,91.1,4.1,100.0
18.4,91.5,2.1,70.5
20.1,81.6,5.4,95.8
19.6,87.7,7.2,97.0
23.2,89.9,1.7,100.0
16.3,70.5,8.4,88.2
5.9,79.7,7.5,80.6
17.8,90.4,3.7,93.0
10.4,68.1,6.8,50.3
11.3,92.5,5.0,84.8
19.1,81.6,6.7,100.0
23.7,82.8,4.6,92.5
15.1,79.0,6.1,86.2
17.2,74.2,5.6,84.5
26.9,92.5,5.2,93.9
16.7,69.9,8.3,88.9
33.2,70.7,4.5,100.0
19.0,79.9,7.7,100.0
2.7,85.9,6.0,44.8
20.3,93.5,4.9,100.0
17.7,84.8,8.6,92.2
24.0,83.5,3.3,100.0
19.7,78.6,2.2,100.0
14.0,86.1,6.1,93.4
6.4,73.6,5.1,66.5
13.5,73.8,4.0,83.1
9.0,78.0,4.5,66.8
10.9,92.4,3.1,89.2
19.1,79.3,8.5,94.0
26.7,75.8,7.2,100.0
17.8,93.2,5.7,90.5
6.6,100.0,6.0,63.5
18.1,81.3,4.5,93.4
23.4,84.8,6.0,87.3
10.7,76.6,10.0,89.9
14.1,88.1,3.2,86.6
15.1,71.9,6.4,88.0
9.5,93.9,2.2,63.3
19.5,80.8,6.6,98.9
14.2,81.4,4.0,87.0
17.9,79.7,2.8,78.6
8.8,87.3,8.3,78.2
11.9,84.9,2.4,84.0
20.1,100.0,7.0,88.7
12.4,91.1,9.1,92.6
27.1,68.4,2.6,100.0
12.2,77.8,4.4,79.3
16.6,87.7,4.5,92.6
21.5,100.0,4.9,100.0
5.1,75.6,7.8,54.4
2.7,99.9,6.9,56.1
4.3,73.1,6.8,54.7
23.8,89.7,4.4,100.0
11.1,91.4,6.3,100.0
32.9,91.6,4.8,100.0
11.1,96.0,3.1,78.5
16.3,86.0,4.3,75.6
25.8,89.2,5.4,100.0
29.0,85.5,4.5,100.0
29.4,81.1,7.7,100.0
23.5,96.0,1.5,100.0
22.2,74.0,5.7,100.0
19.1,84.3,4.1,95.2
20.4,80.5,5.6,100.0
11.1,81.1,6.4,80.1
9.3,70.3,8.5,77.7
15.0,74.3,3.5,98.3
13.8,79.8,3.0,73.8
11.8,86.8,5.5,50.6
19.9,78.5,5.5,100.0
21.7,83.3,6.5,100.0
15.6,80.6,5.7,100.0
25.3,86.2,4.8,100.0
7.0,78.2,7.2,58.1
13.6,86.6,4.1,75.6
10.0,79.7,3.0,67.7
1.9,98.3,5.3,70.1
14.4,94.3,7.7,98.3
14.1,82.2,4.4,85.3
25.6,96.1,3.1,93.4
19.4,73.1,6.2,92.2
7.8,91.0,9.2,77.8
28.0,87.5,7.9,100.0
23.5,76.3,5.0,100.0
19.1,89.2,2.1,98.6
13.4,87.3,8.2,96.9
8.3,100.0,5.7,75.4
12.4,96.5,9.1,81.8
22.6,83.2,1.4,100.0
28.2,99.1,5.5,100.0
25.8,70.0,9.7,100.0
11.6,86.2,3.1,76.9
7.2,74.6,7.4,62.9
16.0,100.0,3.9,94.0
2.6,100.0,4.5,49.2
17.3,81.9,6.0,89.7
14.0,82.8,8.0,91.8
11.7,81.3,4.4,89.8
3.8,88.5,6.6,55.6
18.6,72.4,9.5,98.7
11.3,94.1,6.6,79.7
6.8,80.0,7.0,55.9
0.0,96.5,6.2,34.7
14.8,73.9,1.6,100.0
27.4,73.9,5.5,100.0
26.6,96.1,6.9,100.0
11.8,98.8,10.0,91.8
10.8,80.2,5.3,89.2
18.3,82.7,4.6,97.3
8.0,83.5,6.6,68.9
17.1,93.2,10.0,90.9
20.4,84.9,4.2,96.1
23.6,76.9,9.0,100.0
14.3,87.3,6.4,79.0
13.6,98.4,2.6,87.7
8.9,93.2,9.2,64.1
9.2,92.9,7.8,74.7
13.4,83.3,6.4,95.3
17.6,66.4,3.4,93.4
21.4,98.4,7.5,100.0
9.4,83.4,3.0,77.8
25.4,92.3,2.1,100.0
13.1,58.2,5.9,92.5
14.9,90.7,2.2,72.3
9.8,96.7,2.8,65.0
0.0,81.6,7.2,46.6
21.2,79.2,9.2,100.0
20.2,91.1,7.2,99.2
13.0,80.9,4.6,70.4
15.5,70.1,4.8,89.6
18.6,93.0,5.3,93.0
4.1,96.1,4.0,63.4
11.3,96.4,5.2,93.2
20.6,93.5,8.0,95.4
6.2,86.6,4.2,78.6
17.1,83.2,3.8,88.8
5.5,91.4,1.6,63.2
18.3,98.6,8.0,88.9
14.8,74.3,5.7,95.4
3.7,77.0,6.5,48.8
23.2,80.2,6.2,90.8
9.9,88.3,4.2,76.3
9.3,84.5,6.7,77.2
16.4,94.6,8.1,94.9
23.0,88.6,5.2,77.5
7.9,69.6,6.5,78.6
15.4,66.3,8.6,95.8
18.0,91.5,3.4,100.0
19.9,100.0,6.1,93.5
16.2,76.4,4.1,84.5
12.4,90.8,8.7,82.6
9.2,84.7,3.1,71.5
15.6,100.0,2.8,93.1
7.5,86.0,6.3,80.2
0.0,84.6,8.2,66.0
18.1,93.5,5.2,100.0
21.3,94.0,8.8,100.0
0.0,90.0,7.4,57.5
7.9,98.5,3.6,49.0
19.3,93.8,6.2,87.5
29.4,100.0,6.2,100.0
15.1,71.5,6.6,100.0
9.9,74.8,8.6,66.3
13.7,86.5,7.6,63.6
24.6,72.5,7.5,100.0
10.5,82.5,5.0,79.8
9.4,79.1,5.6,80.7
11.6,88.6,6.0,79.8
8.3,78.8,6.1,50.1
15.9,78.5,6.5,78.4
26.4,84.8,8.6,100.0
17.3,86.7,6.0,96.1
13.2,63.8,9.8,74.0
13.0,92.8,6.7,84.9
4.1,85.3,8.9,75.9
21.2,91.2,4.9,100.0
14.5,90.2,9.1,98.6
13.7,70.3,6.1,70.2
37.4,81.5,0.0,100.0
17.1,84.6,3.6,92.4
9.7,83.4,7.2,87.9
12.0,75.3,2.6,64.3
23.0,74.3,5.0,100.0
15.8,86.2,8.4,98.7
4.9,100.0,10.0,80.3
21.4,75.7,7.8,100.0
10.3,88.6,3.7,82.4
28.1,100.0,3.4,100.0
22.6,86.2,6.7,87.9
11.9,100.0,5.0,78.0
24.0,100.0,3.4,100.0
15.5,100.0,7.7,84.2
21.0,91.9,5.4,93.6
18.4,100.0,6.4,95.8
9.1,91.1,6.0,87.0
10.5,98.7,5.2,63.9
22.2,81.1,8.1,93.1
12.7,96.3,5.9,89.8
12.2,89.5,6.2,96.2
8.3,78.8,6.1,62.8
18.0,76.3,5.7,95.4
29.4,89.0,9.0,100.0
7.5,97.4,7.9,74.1
15.2,87.7,5.7,100.0
24.9,100.0,7.4,100.0
14.4,81.6,6.5,81.9
18.2,79.3,4.4,100.0
7.6,74.7,7.1,78.2
18.0,92.4,3.6,73.4
13.7,93.3,5.3,78.0
21.9,89.4,10.0,100.0
23.3,95.7,5.3,100.0
33.1,83.8,7.0,100.0
19.1,85.9,5.6,100.0
17.3,96.9,2.9,100.0
16.4,86.6,4.3,85.8
12.5,83.6,3.9,98.1
17.4,72.5,5.8,96.9
12.9,81.0,2.5,84.3
16.2,81.5,4.2,100.0
24.2,76.0,7.7,99.8
8.0,93.1,7.1,69.8
23.0,70.4,5.5,100.0
24.2,95.8,5.6,100.0
14.2,77.0,6.5,82.6
0.1,91.9,7.6,62.6
10.7,80.2,2.5,85.9
24.1,100.0,7.1,100.0
14.8,97.9,2.2,85.6
8.0,87.4,4.5,82.8
11.5,100.0,7.2,53.6
20.9,94.1,1.4,100.0
18.8,92.9,5.4,89.9
13.3,98.6,5.2,98.3
12.4,54.1,6.8,83.9
12.3,90.9,4.6,71.7
8.5,88.7,4.2,61.4
26.3,97.3,2.1,100.0
12.7,77.8,6.4,95.8
23.5,86.6,7.7,100.0
25.6,90.8,9.2,100.0
22.0,68.6,8.3,100.0
12.0,90.8,4.6,85.4
17.8,70.8,5.6,99.5
14.8,100.0,5.8,100.0
8.7,85.8,6.8,50.4
17.3,69.7,8.2,95.4
6.7,86.2,7.1,73.6
23.3,90.6,4.1,100.0
11.7,90.7,5.3,85.8
16.4,83.4,5.1,85.3
17.0,64.4,8.5,97.8
13.2,73.0,6.7,77.4
19.1,89.7,10.0,81.3
11.7,84.4,5.1,72.3
21.1,75.8,4.3,83.8
5.6,80.4,7.4,74.8
15.9,84.2,5.6,100.0
28.6,80.6,7.1,100.0
8.0,60.6,4.7,60.5
10.3,71.1,8.9,78.6
18.6,79.3,2.9,98.8
16.3,85.5,4.6,100.0
17.5,78.7,5.8,100.0
18.4,87.0,4.8,100.0
19.4,93.9,5.2,100.0
22.8,100.0,8.5,96.8
17.9,78.2,4.7,95.4
13.3,100.0,4.4,75.8
19.7,77.3,4.0,100.0
28.3,90.9,6.0,100.0
14.1,90.5,6.9,76.3
8.2,85.4,8.7,63.1
22.7,75.3,6.3,100.0
14.2,78.3,6.7,79.8
0.0,96.4,6.8,53.8
20.9,95.2,3.0,100.0
11.3,81.3,5.6,85.2
14.4,75.6,5.6,87.0
17.3,85.7,8.3,91.0
16.3,94.2,4.6,89.7
20.0,67.3,7.6,99.4
12.0,91.6,4.6,87.3
18.6,83.2,7.7,97.1
13.2,100.0,6.4,87.7
20.2,75.4,5.6,100.0
19.3,79.0,5.8,100.0
8.5,87.3,5.3,86.8
22.6,84.8,7.3,98.3
11.2,87.5,8.2,91.0
20.7,94.1,6.2,99.9
17.6,90.8,7.2,92.6
27.9,76.9,4.1,100.0
13.4,79.5,8.6,87.7
12.6,92.8,4.8,82.4
14.9,83.5,7.1,92.5
12.9,91.3,5.6,90.2
20.6,70.8,4.9,96.1
3.7,79.8,4.7,57.1
7.6,100.0,4.4,65.2
7.5,76.5,4.8,74.1
21.7,75.5,6.3,100.0
27.0,82.3,4.8,100.0
14.3,87.6,2.7,94.7
13.8,88.2,9.7,68.8
15.5,92.9,6.7,83.1
23.1,72.5,8.3,96.1
8.5,73.4,3.6,63.0
16.7,75.5,6.6,91.6
21.8,91.5,6.5,100.0
18.5,77.0,7.3,87.0
16.3,95.0,6.5,91.5
22.0,67.2,9.4,99.2
0.0,89.0,6.1,60.7
19.7,84.5,6.8,100.0
10.4,98.1,6.5,87.8
2.2,95.2,5.0,52.6
18.6,89.1,5.0,81.3
24.6,100.0,7.1,100.0
14.0,86.1,4.9,100.0
21.7,95.7,7.7,97.4
26.3,82.3,5.9,100.0
24.2,91.9,6.3,100.0
26.5,74.2,4.7,100.0
20.2,80.6,5.0,100.0
15.5,82.4,9.2,97.8
3.8,74.1,8.9,49.3
13.3,73.5,4.0,93.1
9.1,75.5,5.4,44.6
30.2,82.7,8.6,100.0
13.8,100.0,5.3,96.9
15.9,88.6,0.0,100.0
18.9,93.9,3.4,100.0
15.3,84.0,5.7,89.0
26.9,98.0,5.2,100.0
10.6,93.7,7.3,73.5
16.4,76.6,3.9,76.9
9.8,86.9,9.6,65.5
5.8,79.0,8.5,58.8
10.7,95.6,8.2,80.2
14.7,77.1,6.9,84.3
12.0,90.2,7.3,64.5
10.2,88.0,8.9,66.3
5.2,91.5,4.6,56.0
14.4,90.9,4.6,79.5
4.5,100.0,5.7,40.7
20.3,85.2,6.2,73.2
15.6,79.0,6.6,83.1
4.8,81.4,7.1,63.0
12.8,79.9,6.0,82.9
9.7,72.4,7.9,76.4
17.2,88.7,6.6,98.8
24.4,70.3,4.8,100.0
1.9,95.8,4.3,65.2
15.8,87.0,6.5,71.0
13.9,84.6,4.6,92.8
19.7,93.1,5.9,100.0
16.5,67.3,9.8,97.8
9.7,74.4,6.2,53.1
12.8,77.3,4.3,83.7
9.4,72.9,3.8,79.4
22.5,98.7,8.7,94.7
15.1,88.1,6.1,90.5
28.3,81.9,8.6,100.0
14.6,80.0,4.5,88.4
10.0,100.0,5.8,61.9
4.4,78.7,9.5,61.3
2.4,84.3,7.8,60.9
3.9,86.4,10.0,57.8
16.9,74.5,3.9,99.1
18.6,84.5,2.0,93.9
3.9,79.3,5.4,65.6
21.3,89.9,5.8,95.5
11.6,98.8,8.6,78.7
16.0,86.7,3.3,100.0
26.3,81.8,8.2,100.0
21.3,84.6,6.0,100.0
13.1,85.4,5.7,96.6
8.8,100.0,7.3,76.9
0.0,81.5,5.6,36.6
10.0,96.0,7.8,87.1
13.5,78.5,8.3,89.1
8.1,79.3,5.4,77.6
14.1,86.8,8.2,88.1
15.5,80.9,5.4,86.5
13.4,100.0,6.0,91.3
10.4,87.7,6.0,74.6
16.2,83.0,6.7,85.4
18.1,74.5,0.4,100.0
7.4,90.6,2.9,85.7
24.9,74.3,7.6,100.0
14.3,86.8,5.9,81.4
15.1,78.4,2.7,86.3
20.0,82.1,8.4,88.7
16.6,71.8,6.2,88.8
21.7,79.6,8.7,99.2
17.0,83.6,4.3,100.0
10.7,79.5,2.9,90.3
17.5,74.1,5.7,100.0
7.0,87.2,5.6,62.5
15.8,90.9,3.8,100.0
14.8,85.1,4.9,72.7
13.5,83.9,7.5,77.2
14.1,93.0,10.0,87.2
1.8,100.0,1.5,55.9
11.2,77.5,6.3,77.5
15.6,80.8,6.6,96.1
16.1,73.7,6.1,94.3
7.8,80.9,5.6,71.7
23.9,86.4,3.7,100.0
8.9,74.5,9.1,74.1
21.8,86.8,3.4,100.0
18.0,79.1,2.4,100.0
10.5,67.7,8.2,79.0
27.4,96.8,5.6,100.0
6.6,82.3,6.5,63.0
21.4,80.9,6.3,100.0
22.0,80.1,7.1,100.0
10.3,81.4,8.1,73.4
24.7,80.7,1.2,100.0
13.2,88.4,3.4,99.1
17.0,82.5,6.2,98.7
16.8,77.7,9.3,98.0
14.1,87.7,8.9,89.4
20.7,80.2,5.7,100.0
20.6,95.9,6.9,100.0
2.8,100.0,6.2,71.7
24.1,88.3,4.5,100.0
3.4,62.3,9.0,79.5
22.2,100.0,6.1,96.4
22.9,99.8,4.7,100.0
7.4,93.1,5.7,75.0
12.1,91.6,5.7,100.0
7.3,84.6,5.5,66.4
13.5,83.4,8.8,73.8
12.8,96.2,8.4,77.0
20.5,89.0,8.2,100.0
24.2,89.7,7.7,100.0
24.8,73.7,3.3,100.0
11.1,91.9,7.2,71.7
13.5,82.3,5.3,78.5
3.2,87.9,4.6,89.1
9.4,85.2,7.4,71.6
21.8,83.8,3.0,96.4
26.3,73.9,6.4,100.0
6.4,82.7,5.2,63.2
10.9,97.3,6.8,57.2
14.8,87.0,5.6,88.0
17.0,92.7,7.7,90.5
9.3,93.5,7.1,74.3
18.0,82.5,5.7,86.1
11.7,66.2,4.8,86.1
14.9,90.9,6.8,88.6
18.8,84.2,6.9,89.0
15.0,80.8,4.2,100.0
11.9,96.8,6.7,67.3
14.2,80.2,5.4,79.2
14.4,91.6,7.8,97.2
12.4,80.8,3.3,82.9
13.2,91.3,5.6,69.6
26.2,89.7,6.9,100.0
18.9,87.0,4.1,100.0
12.9,84.7,7.7,81.9
19.9,84.6,8.0,100.0
12.7,100.0,5.9,95.5
23.2,80.7,6.0,97.5
17.6,63.4,5.4,77.8
14.2,77.6,7.7,99.0
18.1,72.0,9.7,87.4
4.0,94.2,3.1,59.3
7.1,88.8,6.8,86.8
6.6,86.7,5.0,63.8
16.0,90.4,5.7,100.0
27.1,96.5,7.2,100.0
30.6,81.1,3.2,100.0
19.5,78.9,7.2,100.0
18.5,77.0,8.4,100.0
2.4,100.0,6.1,42.2
11.2,88.2,5.0,84.9
9.5,83.7,2.3,66.0
10.7,92.3,6.2,63.8
13.8,64.7,6.8,76.1
11.7,82.7,5.5,84.8
1.1,100.0,4.9,62.5
20.2,89.9,2.5,88.8
7.5,81.2,5.5,88.8
16.7,68.4,5.3,73.8
29.5,91.7,5.5,100.0
8.6,83.0,4.0,82.4
0.0,73.1,4.8,59.2
13.0,70.0,5.1,76.7
22.7,84.0,7.4,99.5
28.7,68.5,5.4,100.0
6.4,70.8,7.2,69.9
18.5,84.0,5.3,93.4
11.7,87.0,5.0,60.1
14.3,67.8,4.8,76.4
33.5,74.4,9.6,100.0
4.5,88.7,1.8,74.1
16.8,79.4,5.9,100.0
18.3,97.2,4.3,94.8
22.6,65.9,3.3,100.0
15.7,87.4,5.0,92.9
17.2,72.0,10.0,100.0
12.3,94.9,5.4,71.0
16.9,87.4,6.3,98.6
12.6,77.0,5.3,67.5
19.4,93.2,5.9,84.3
12.4,100.0,5.2,66.4
17.6,83.9,6.9,92.2
14.8,93.7,8.6,95.7
22.9,73.5,3.4,100.0
14.6,95.7,6.9,68.6
2.6,89.9,6.5,54.9
23.8,78.1,4.5,100.0
8.7,77.7,10.0,62.9
10.4,80.2,6.2,66.3
10.8,95.8,8.1,73.0
24.6,85.6,8.9,100.0
0.1,90.4,9.1,54.9
37.0,86.8,7.5,100.0
22.4,96.4,5.6,100.0
16.6,100.0,8.7,87.5
14.6,75.1,3.4,75.6
17.0,94.9,6.9,92.9
18.6,79.0,7.4,76.0
19.5,92.4,6.9,100.0
18.9,71.9,6.0,87.2
15.6,76.6,7.9,95.9
13.6,98.4,6.8,80.0
13.9,89.1,7.7,70.0
13.6,90.2,3.4,93.3
22.9,84.4,5.1,100.0
19.2,82.5,7.2,100.0
0.0,93.4,5.0,51.4
19.6,88.1,3.7,94.5
16.4,86.5,5.2,97.2
14.9,77.7,6.0,81.7
12.3,79.7,5.3,62.5
22.9,71.4,4.0,100.0
21.6,81.0,6.1,90.0
9.6,100.0,7.6,67.5
17.8,85.7,7.5,100.0
8.2,100.0,2.4,45.7
5.3,86.4,6.0,44.4
10.6,96.3,4.6,71.0
21.0,69.1,5.1,100.0
21.7,75.6,9.5,100.0
18.6,91.9,5.7,100.0
20.1,86.5,6.9,100.0
18.6,100.0,4.3,100.0
10.5,87.7,8.4,71.4
18.0,83.0,6.4,90.6
20.6,83.5,6.9,99.1
20.3,91.6,4.4,100.0
23.3,83.1,7.9,100.0
20.0,74.2,9.1,100.0
17.5,87.7,4.5,100.0
22.5,81.5,6.2,100.0
14.8,98.0,8.8,75.0
8.8,92.5,4.7,51.5
13.9,90.2,6.1,85.6
9.8,89.0,9.1,83.9
10.3,88.1,8.6,59.8
14.0,81.4,6.5,93.9
9.5,100.0,4.7,64.3
12.8,86.5,3.3,81.4
1.7,93.0,6.6,51.2
16.5,100.0,4.9,72.4
15.0,87.6,3.4,76.2
9.3,79.6,8.5,65.8
19.6,100.0,3.9,99.1
21.6,89.4,4.7,100.0
3.7,91.4,6.2,45.1
9.7,95.4,4.2,78.9
9.6,94.2,7.7,62.5
8.4,100.0,5.1,53.7
20.8,75.3,3.2,85.9
13.6,77.6,6.5,79.8
13.1,86.0,6.2,81.4
1.0,100.0,6.5,45.4
19.4,86.2,7.2,100.0
6.3,82.7,7.3,61.9
15.4,90.4,3.4,84.1
16.9,81.1,7.9,93.6
24.5,78.9,4.1,100.0
5.8,70.2,2.0,66.4
0.0,100.0,8.6,52.5
16.3,65.4,6.7,94.0
27.6,87.9,1.8,100.0
23.7,93.6,4.8,100.0
16.5,88.6,4.5,98.1
11.6,85.1,4.9,61.1
20.6,70.2,0.0,100.0
8.2,72.7,5.1,58.0
18.3,83.9,5.3,98.9
18.5,68.3,7.9,72.8
22.4,65.6,4.9,91.3
34.3,81.6,4.2,100.0
17.7,77.9,7.4,90.1
11.4,82.7,6.7,74.4
14.8,67.7,7.0,91.2
2.6,62.5,4.3,67.3
10.1,82.4,4.5,67.3
12.1,76.2,10.0,67.0
11.3,94.0,5.2,75.6
16.1,76.9,4.2,74.5
9.2,94.6,6.5,79.9
22.8,62.2,8.6,100.0
15.0,84.6,5.7,94.1
14.9,75.8,9.3,85.0
12.7,97.4,6.5,79.1
16.1,81.8,6.0,94.7
20.8,89.0,5.0,100.0
8.9,77.9,1.8,73.4
10.4,100.0,3.6,82.2
12.9,71.2,4.8,76.2
5.6,88.1,3.8,64.1
9.3,88.2,2.7,63.3
11.7,95.5,3.5,81.5
21.1,97.1,6.7,83.2
16.8,87.9,5.8,83.6
16.4,100.0,7.3,95.6
21.0,86.7,4.3,100.0
14.0,89.7,7.0,79.6
17.7,100.0,7.7,89.1
14.3,75.0,3.6,93.4
16.9,82.9,4.0,92.5
10.9,82.0,9.2,77.1
0.0,93.4,7.0,50.2
14.1,91.2,9.2,82.5
25.0,84.6,4.9,100.0
21.5,91.6,1.6,98.9
21.8,84.0,4.9,100.0
23.7,88.0,6.2,100.0
15.6,90.3,4.5,73.9
16.4,60.0,4.2,95.4
10.7,92.4,3.9,75.7
12.8,82.4,4.9,87.0
19.3,91.4,5.1,100.0
23.4,68.5,1.1,100.0
14.0,88.6,9.4,97.5
11.8,80.5,3.1,69.6
15.0,89.0,7.3,100.0
19.2,86.1,4.3,100.0
4.9,74.2,6.0,87.6
0.0,77.9,5.2,51.2
11.1,90.0,5.6,65.3
6.5,83.8,7.5,69.2
11.4,85.6,3.9,63.1
14.0,60.5,5.0,71.5
11.8,84.1,7.3,77.2
25.2,88.8,6.6,87.9
17.3,100.0,8.4,95.7
17.1,88.6,7.7,100.0
19.4,78.0,4.5,100.0
7.0,92.8,8.0,78.4
22.3,98.7,5.2,96.5
14.5,95.5,6.2,86.0
19.7,80.7,7.6,100.0
7.5,97.1,5.1,60.6
4.1,82.0,5.8,64.5
20.7,76.0,4.3,99.1
17.6,98.9,6.2,100.0
8.7,85.8,10.0,64.3
8.9,74.9,3.6,63.4
22.9,86.8,6.9,100.0
6.7,75.7,6.7,76.9
26.5,81.7,5.4,100.0
8.7,95.7,4.8,85.1
19.5,83.3,8.2,100.0
12.7,80.9,7.1,79.5
19.2,98.8,3.3,83.0
11.2,74.3,5.7,89.6
13.9,89.7,4.3,84.3
15.3,79.7,3.9,93.6
8.0,83.5,7.5,76.9
20.2,79.8,9.5,100.0
11.4,65.3,5.5,100.0
13.4,94.2,5.6,87.6
8.0,72.7,7.9,76.7
0.0,79.8,2.7,14.6
13.7,82.1,1.0,91.3
31.9,81.8,4.9,100.0
20.5,71.7,8.9,100.0
14.9,83.0,6.6,65.2
13.2,85.0,5.9,80.3
15.2,87.5,6.7,88.3
18.8,82.0,5.7,100.0
6.7,87.1,8.1,73.3
22.8,86.8,6.7,100.0
20.0,82.6,8.6,100.0
20.0,99.6,7.1,92.6
18.1,64.5,8.6,100.0
15.1,74.6,5.0,98.2
19.7,89.8,6.0,95.8
19.1,83.1,10.0,98.9
12.5,76.3,6.3,89.6
11.0,100.0,4.1,83.4
15.7,97.2,6.8,95.4
25.8,69.6,2.7,100.0
6.3,82.7,3.7,69.2
4.7,90.7,8.8,68.1
16.2,86.9,5.9,92.6
15.4,78.8,3.8,82.7
16.2,87.8,7.6,78.5
16.7,72.9,3.2,79.5
13.4,92.3,3.6,85.0
25.4,94.0,8.7,100.0
3.8,90.2,4.6,55.2
9.2,91.3,8.4,77.3
14.3,92.0,8.4,79.6
3.5,82.6,3.2,46.1
13.8,91.6,6.1,90.6
26.6,88.0,9.8,100.0
15.1,88.5,8.2,87.5
16.6,85.4,4.9,90.3
6.2,93.6,7.8,62.9
10.7,76.0,5.1,74.4
12.4,72.5,4.8,87.9
12.8,77.7,6.9,83.4
24.0,99.3,9.5,100.0
18.9,76.9,4.3,100.0
7.2,86.7,7.3,59.0
16.7,88.6,3.5,100.0
18.5,100.0,7.7,92.5
23.0,71.9,7.7,93.8
26.1,79.3,8.2,100.0
7.9,78.0,6.3,75.0
9.3,81.3,5.6,55.1
6.2,84.3,4.8,85.7
13.4,97.8,6.6,72.3
18.3,78.1,6.2,93.3
21.9,100.0,7.8,100.0
14.5,86.9,2.7,75.9
12.8,71.4,3.0,88.8
16.1,72.7,9.0,99.1
9.2,100.0,4.0,57.4
29.6,93.9,6.1,100.0
3.7,72.3,8.3,63.0
16.3,69.0,9.5,93.2
29.2,100.0,2.9,100.0
15.0,79.1,2.5,88.9
13.7,91.3,3.0,86.8
12.5,83.6,6.8,84.8
13.7,80.5,6.9,80.2
24.6,94.4,4.5,100.0
0.0,74.9,5.3,50.4
25.7,96.2,10.0,100.0
5.0,91.3,5.1,65.3
13.1,65.4,6.3,96.0
12.0,92.0,9.8,72.6
19.1,91.7,4.2,94.7
3.8,85.1,10.0,45.2
18.2,100.0,6.0,92.4
29.2,89.1,7.4,100.0
5.5,100.0,5.4,61.9
16.3,85.1,7.2,72.5
10.4,96.6,4.0,62.7
18.0,100.0,9.8,93.8
15.1,72.0,9.8,77.2
10.5,98.5,6.9,69.5
18.4,96.8,1.8,100.0
27.6,90.0,6.5,99.2
13.7,74.0,6.4,91.2
20.0,84.0,4.7,100.0
5.9,87.8,7.1,71.9
8.3,97.4,9.0,55.2
18.3,91.9,5.2,100.0
25.4,95.6,6.5,100.0
17.5,77.0,7.0,81.8
12.8,75.6,8.9,93.3
15.0,67.0,5.0,85.1
6.2,88.8,7.6,82.9
19.2,77.1,5.3,100.0
21.2,69.9,2.5,89.7
11.8,73.0,5.6,82.2
11.7,76.9,8.9,67.0
16.9,100.0,3.8,92.0
11.9,86.7,7.9,83.5
14.5,91.3,8.5,91.4
29.7,88.7,7.5,100.0
13.3,87.7,8.3,77.4
12.5,67.7,6.8,94.2
10.5,83.4,8.7,76.7
20.2,86.8,4.6,95.9
13.7,80.0,5.4,74.7
10.5,80.7,7.0,73.8
24.2,81.3,6.3,97.7
24.9,83.7,2.3,100.0
10.8,100.0,7.2,91.1
1.9,78.1,5.1,65.2
22.1,89.0,4.0,99.5
10.2,75.8,5.7,75.9
20.5,63.4,7.8,94.6
1.2,96.8,3.3,65.2
21.2,75.3,5.7,99.5
6.5,71.4,6.0,67.5
20.1,79.7,9.3,100.0
15.1,95.6,7.5,86.4
8.3,87.9,4.4,73.9
12.2,100.0,5.2,86.1
19.8,95.1,5.8,95.4
15.7,71.4,9.8,78.6
19.1,80.5,7.2,100.0
28.8,76.6,8.2,100.0
4.1,72.7,2.6,64.8
26.3,95.9,3.9,100.0
15.7,68.8,10.0,89.1
8.7,82.5,2.3,79.8
5.7,91.4,5.5,42.3
13.7,71.5,6.0,67.3
21.5,86.7,3.0,100.0
14.1,93.7,6.6,68.8
25.6,65.5,8.8,99.4
4.8,93.1,5.9,66.3
14.9,82.8,3.2,85.6
6.2,80.9,5.9,80.8
17.5,93.5,2.0,100.0
21.2,100.0,3.4,100.0
12.1,70.5,7.8,76.6
0.0,95.4,4.4,34.9
16.4,90.5,8.1,77.9
18.1,81.9,5.2,82.4
17.8,87.4,6.3,82.0
23.7,78.4,8.5,100.0
7.5,71.1,4.4,55.3
19.8,100.0,6.1,85.8
23.3,100.0,3.2,100.0
2.5,98.3,9.3,63.7
17.2,74.4,4.2,88.3
11.5,88.0,5.3,90.4
14.4,100.0,5.2,89.8
17.4,75.8,6.7,100.0
11.6,84.2,7.4,90.1
10.3,84.9,8.2,68.5
15.2,82.0,7.0,87.4
7.4,69.4,8.4,86.4
7.4,80.3,6.9,56.5
19.8,91.3,7.7,88.6
7.0,95.2,4.0,87.0
19.7,91.4,3.0,100.0
18.2,83.7,6.6,100.0
2.9,89.5,5.6,58.5
10.3,100.0,6.5,72.3
23.4,99.1,5.9,93.5
8.1,96.1,4.3,83.9
11.7,93.6,5.2,70.8
18.2,95.7,7.0,100.0
20.5,66.7,4.3,98.8
13.2,71.5,6.1,100.0
10.8,86.1,4.9,85.5
25.0,80.8,7.1,100.0
27.2,95.3,8.5,100.0
21.9,81.4,7.6,100.0
15.6,62.4,6.3,97.1
9.3,78.8,7.1,89.1
9.2,91.3,4.8,81.9
18.7,93.7,4.9,93.9
17.9,80.0,4.0,98.3
24.8,66.8,4.2,100.0
19.6,90.6,1.8,100.0
4.5,88.6,6.1,35.2
22.4,88.3,5.8,100.0
8.0,88.3,2.9,77.0
12.3,79.9,6.3,76.9
16.8,79.8,5.1,86.0
29.0,81.3,5.6,100.0
36.8,81.0,8.5,100.0
19.2,81.9,9.4,92.6
13.7,100.0,5.7,74.3
18.7,78.1,6.6,91.8
21.2,90.1,3.9,96.7
12.8,79.6,3.9,77.5
27.6,93.5,3.8,100.0
16.6,74.8,3.7,100.0
18.5,100.0,5.5,100.0
19.7,98.4,9.3,100.0
18.0,88.3,7.4,99.7
20.9,80.0,5.9,97.6
10.7,67.2,6.0,80.1
11.1,88.0,4.6,88.4
7.3,85.7,6.1,66.3
18.1,76.7,3.7,100.0
20.5,85.9,6.5,100.0
18.2,68.6,6.1,100.0
26.7,100.0,3.4,97.2
15.0,83.2,10.0,100.0
19.7,100.0,6.4,100.0
7.4,66.1,4.5,69.8
12.3,82.7,6.6,73.9
19.9,68.5,7.5,100.0
20.9,75.0,4.8,100.0
12.9,96.6,3.5,89.9
14.5,100.0,7.2,89.8
4.4,91.9,8.0,66.9
12.5,79.6,5.4,90.0
21.2,88.7,6.2,98.7
19.0,86.9,6.7,94.9
18.5,92.0,5.9,85.2
15.3,83.1,8.3,90.5
15.0,73.4,5.6,96.5
10.4,79.4,10.0,84.3
19.9,81.3,4.0,95.8
17.9,89.0,4.6,85.4
18.4,82.1,7.8,98.8
11.3,95.9,4.7,91.8
0.0,88.2,5.4,24.3
22.7,94.9,6.4,100.0
11.6,80.9,8.5,65.9
9.0,67.2,7.3,69.6
19.9,87.2,4.7,100.0
12.3,67.5,6.9,85.8
22.4,94.0,6.7,100.0
19.3,93.4,7.8,98.9
19.8,81.2,9.3,100.0
5.4,92.5,6.1,83.6
23.5,94.8,1.2,100.0
16.8,81.4,7.3,81.7
12.4,87.5,8.5,80.4
16.0,73.3,7.6,100.0
2.6,96.8,5.4,61.8
17.9,69.7,6.0,100.0
7.8,78.3,8.3,78.7
5.5,93.1,7.9,66.4
4.3,83.7,6.4,63.9
22.8,98.7,7.4,100.0
10.6,100.0,6.7,54.7
25.7,75.3,2.0,100.0
11.2,66.6,6.2,63.4
3.0,100.0,5.7,53.2
7.2,89.3,7.1,74.1
23.7,100.0,7.3,100.0
13.9,100.0,8.1,91.2
11.2,92.0,2.8,77.5
16.1,93.5,7.4,89.1
18.5,92.7,7.0,100.0
22.8,92.2,7.2,100.0
25.1,80.0,7.9,100.0
12.5,97.9,4.0,97.1
5.7,85.7,6.0,60.5
12.1,90.0,3.9,82.6
16.8,86.3,8.1,93.4
8.3,93.9,3.7,73.6
8.3,90.3,2.9,80.8
17.4,87.8,6.1,74.2
14.7,75.5,9.5,77.9
15.2,81.9,2.4,98.8
9.7,86.0,6.3,80.2
13.4,79.8,5.8,80.4
8.5,90.7,6.2,87.6
21.2,92.5,4.3,100.0
22.2,62.8,4.8,91.7
2.1,72.9,6.3,46.2
8.5,76.0,4.7,83.6
4.5,80.6,2.3,54.9
10.4,80.2,6.6,67.6
14.4,81.7,1.8,86.6
4.9,86.5,6.8,44.0
8.5,89.2,5.4,71.4
8.0,91.9,8.2,87.5
16.5,79.7,5.1,100.0
15.5,75.6,5.0,97.6
9.9,98.5,5.8,75.4
16.2,99.6,4.6,84.1
11.2,71.3,7.0,83.3
13.1,83.1,7.5,92.9
26.7,100.0,6.0,100.0
24.4,85.4,5.0,100.0
5.9,68.2,8.9,63.3
20.8,74.3,6.1,96.1
20.7,82.4,6.3,94.3
7.0,76.2,6.7,73.8
20.7,92.1,5.6,96.9
25.8,86.8,3.3,100.0
7.1,87.5,2.9,57.7
8.6,70.9,4.7,70.3
22.1,71.9,5.8,100.0
16.9,81.2,6.5,86.7
18.9,80.3,6.8,96.8
17.4,88.7,2.7,100.0
17.7,87.5,7.5,100.0
5.7,93.2,6.8,72.2
22.3,86.5,6.7,99.8
23.2,84.9,6.0,100.0
13.4,83.4,3.5,87.2
14.7,84.0,5.6,84.7
4.3,86.8,4.5,56.1
18.6,92.0,6.7,96.9
19.0,93.3,3.6,100.0
14.6,88.4,9.8,87.8
22.9,78.6,9.8,100.0
12.7,75.1,6.7,79.5
19.0,77.2,7.9,99.5
7.9,86.9,9.3,79.6
14.8,93.6,9.2,94.9
13.8,63.9,7.9,73.8
16.6,69.1,4.9,88.1
12.4,100.0,8.0,67.6
14.1,84.1,5.4,100.0
20.8,86.9,2.8,100.0
11.9,71.1,6.4,84.7
3.8,76.6,4.2,67.7
27.2,81.0,4.0,100.0
24.7,74.3,9.4,99.6
6.0,68.7,7.1,53.9
19.8,93.4,5.8,98.4
11.5,85.0,10.0,81.2
16.8,80.1,7.2,99.7
17.1,93.0,5.7,100.0
13.4,93.0,6.8,89.9
9.5,100.0,6.9,87.0
10.2,84.9,5.2,73.1
8.6,75.9,8.2,61.1
9.2,80.9,4.4,69.2
14.5,99.8,6.0,83.2
10.0,77.8,4.0,68.4
19.8,80.1,3.6,100.0
25.4,96.4,4.3,100.0
10.9,83.7,7.7,62.6
16.7,100.0,4.7,67.9
18.5,98.6,4.9,97.5
18.3,90.5,5.8,90.6
15.5,92.4,4.7,72.0
20.2,80.5,6.9,100.0
18.4,80.8,4.3,100.0
6.3,98.5,4.4,77.2
21.1,93.9,4.9,100.0
21.2,96.2,7.7,100.0
9.7,88.6,4.6,73.5
15.3,84.5,4.5,85.0
19.8,78.6,6.7,75.2
13.5,91.2,2.4,64.0
22.5,73.5,3.4,100.0
31.5,95.8,8.1,100.0
9.5,84.5,7.9,81.5
5.3,93.9,4.6,60.9
17.1,95.6,6.4,76.5
20.1,80.0,8.7,87.3
13.4,87.9,6.2,74.0
25.2,87.3,5.8,100.0
5.6,76.4,4.8,74.9
19.9,99.9,6.2,96.9
10.8,90.2,4.6,88.5
27.0,78.4,4.6,100.0
28.9,85.8,3.9,100.0
9.6,76.1,9.1,82.0
11.2,100.0,8.1,81.2
21.0,89.9,1.8,100.0
12.3,86.3,5.5,95.0
14.7,78.3,8.6,87.5
15.2,100.0,2.9,95.0
1.6,85.8,6.0,61.9
14.9,96.8,6.0,78.3
10.2,87.3,5.4,73.3
11.5,90.3,4.2,94.1
25.1,82.7,8.8,100.0
6.2,83.0,2.3,72.9
20.7,90.4,7.8,100.0
13.0,69.2,5.2,97.9
13.0,79.6,7.8,85.8
20.5,83.9,7.2,100.0
17.4,100.0,7.7,98.0
19.0,86.3,6.0,100.0
21.8,100.0,6.9,93.7
12.7,67.7,9.3,81.1
10.7,75.9,5.5,76.6
7.4,92.1,5.7,61.7
9.2,71.3,10.0,69.9
35.6,81.4,8.8,100.0
23.7,88.3,6.8,100.0
5.5,78.4,5.2,71.4
5.7,83.9,5.8,58.7
18.4,75.5,6.3,100.0
18.8,96.3,9.3,100.0
18.8,80.6,5.1,81.5
13.2,69.9,8.1,99.8
14.1,77.0,7.7,70.3
17.3,66.1,6.0,88.4
15.6,71.7,6.7,100.0
0.0,85.5,7.8,34.4
13.4,86.9,8.4,81.7
9.0,80.4,9.4,66.9
16.2,90.3,7.2,100.0
35.9,98.7,6.1,100.0
17.6,89.8,4.1,92.9
12.8,80.0,1.6,83.7
21.5,87.6,3.9,100.0
18.4,84.1,6.3,99.0
17.9,92.1,5.5,100.0
19.2,88.9,5.5,82.7
29.4,79.5,7.1,100.0
7.1,75.0,5.9,74.5
18.3,88.8,3.4,98.3
8.5,94.5,7.0,76.0
18.9,99.1,5.1,87.2
8.6,83.8,5.3,71.0
12.1,88.9,7.1,84.1
12.9,98.4,7.0,93.2
21.8,94.0,4.6,100.0
21.4,81.6,4.9,100.0
6.3,88.8,9.8,63.7
15.4,85.1,2.2,85.6
10.0,79.9,8.0,79.9
6.2,80.7,6.0,59.4
13.5,85.7,8.3,83.2
12.8,79.3,5.8,90.3
32.0,81.0,5.0,100.0
18.0,95.7,4.2,89.6
5.4,69.2,10.0,49.3
11.0,85.4,5.9,86.4
22.1,83.8,4.1,100.0
29.6,74.9,4.1,100.0
3.9,86.9,5.2,66.1
1.8,79.9,7.1,36.0
28.1,95.0,4.2,100.0
17.7,87.7,4.5,100.0
8.9,90.7,8.2,74.3
18.7,69.2,2.7,98.5
0.0,72.4,5.5,48.9
15.0,100.0,6.9,98.0
17.3,89.7,7.1,95.4
21.5,78.6,4.1,100.0
7.9,100.0,5.8,65.7
15.6,84.8,5.1,98.1
8.5,80.7,5.0,87.8
16.8,80.3,6.6,82.1
8.7,70.9,5.2,59.2
12.1,90.8,7.0,99.2
8.0,94.6,8.0,55.2
19.6,97.1,4.2,92.1
21.0,76.7,2.9,89.2
13.4,85.3,6.5,76.8
15.3,79.0,4.0,100.0
4.9,85.0,5.6,71.1
12.9,79.7,9.4,92.4
14.6,70.9,3.5,76.7
33.3,100.0,3.4,100.0
7.2,85.6,6.3,72.6
25.2,91.6,6.2,100.0
22.0,100.0,6.1,91.0
17.0,86.5,4.0,90.2
27.3,100.0,3.2,100.0
17.6,91.5,9.5,100.0
17.7,61.1,6.4,100.0
14.6,80.0,6.5,79.5
23.6,67.2,6.8,100.0
22.7,80.6,8.1,100.0
10.6,73.9,10.0,53.1
5.8,94.8,6.8,52.5
13.6,84.5,9.1,73.7
9.4,76.8,5.0,81.5
14.6,95.4,4.1,94.6
23.7,82.4,7.2,100.0
11.8,89.0,5.9,75.4
14.7,73.5,4.3,100.0
15.4,81.3,3.5,89.3
20.9,92.4,7.0,100.0
0.0,100.0,6.0,61.6
10.8,85.5,7.3,82.2
16.5,90.0,7.6,97.3
23.4,100.0,6.2,100.0
11.6,66.9,4.4,78.6
1.9,83.8,6.1,56.0
19.3,90.6,4.6,95.2
10.6,79.6,3.1,88.4
6.7,78.6,5.6,55.3
10.6,65.5,7.4,67.7
13.7,97.7,2.8,68.7
10.8,68.1,5.1,68.5
0.0,89.4,6.6,43.8
21.3,88.0,2.7,100.0
23.9,76.3,8.5,98.1
19.6,78.0,8.2,88.6
7.0,93.7,8.1,83.7
13.6,87.3,5.6,94.6
15.0,81.5,6.0,65.0
19.2,80.8,3.5,84.3
19.7,76.7,4.3,98.4
9.9,92.5,6.7,66.5
15.6,94.3,4.7,73.6
18.2,87.8,5.9,100.0
25.2,93.1,7.3,100.0
19.9,81.8,4.3,76.5
20.5,88.2,5.8,97.6
15.6,75.9,6.0,86.9
24.9,85.0,5.0,100.0
17.9,98.2,6.5,90.3
9.0,83.5,5.4,71.0
24.8,87.0,4.8,100.0
19.9,84.4,5.7,88.0
11.9,94.1,5.2,73.0
11.6,84.0,9.1,81.2
17.1,75.5,9.1,89.9
18.2,83.1,10.0,99.2
16.4,95.7,6.9,81.8
17.2,83.8,8.7,100.0
26.9,85.7,5.9,100.0
22.5,76.4,4.7,100.0
16.3,66.0,0.7,87.7
21.6,95.2,5.2,100.0
7.8,75.3,4.1,74.9
17.8,95.7,5.1,84.8
27.7,85.9,3.3,100.0
13.5,78.7,7.2,88.6
9.1,75.4,10.0,59.1
10.4,100.0,4.3,78.5
7.4,88.3,6.1,64.9
9.5,91.5,9.0,82.8
12.4,93.1,4.7,61.1
5.2,80.4,2.4,64.3
15.1,82.7,8.1,92.1
21.3,88.5,10.0,100.0
8.6,72.2,5.2,71.3
25.6,61.8,4.3,100.0
18.6,88.9,5.1,92.3
22.2,89.4,3.4,100.0
10.4,98.8,5.8,64.5
21.0,97.0,4.8,94.7
7.4,83.3,6.0,47.3
21.2,90.7,6.6,98.6
16.2,68.1,6.7,78.6
18.9,69.1,5.0,100.0
6.8,92.0,5.9,73.3
8.7,86.5,4.6,66.7
19.2,100.0,2.9,100.0
8.4,95.4,3.6,73.0
18.2,100.0,5.2,92.9
5.4,83.9,3.4,56.5
20.9,89.8,4.8,94.3
6.4,86.5,3.2,50.1
18.9,92.1,0.6,100.0
19.4,89.5,7.3,98.9
10.1,78.6,7.1,82.1
19.1,70.4,8.1,93.1
16.8,92.1,4.7,78.0
11.2,85.0,6.3,83.3
7.9,86.8,8.9,62.8
1.3,100.0,8.0,69.0
17.4,93.5,1.0,90.5
4.0,82.4,8.4,73.6
15.7,85.8,5.7,92.5
13.2,98.1,6.2,85.3
19.8,88.6,9.0,100.0
12.9,93.0,6.6,74.7
12.7,75.0,6.8,90.1
20.1,80.8,4.1,100.0
17.3,81.7,6.7,89.9
17.2,91.4,4.5,99.2
18.3,98.4,4.9,88.1
4.3,92.9,7.6,79.4
20.3,92.2,4.6,100.0
19.3,88.9,5.4,74.6
7.9,100.0,4.1,76.9
13.3,91.2,4.3,73.1
14.7,81.6,5.0,81.2
14.1,83.0,2.6,99.9
17.3,77.8,7.7,100.0
25.0,80.7,8.3,100.0
22.6,77.5,3.7,100.0
5.8,75.5,6.3,63.4
19.4,89.2,6.0,100.0
24.3,92.5,7.1,100.0
17.7,73.8,4.6,96.4
22.6,82.7,3.2,95.0
29.1,74.5,3.7,100.0
22.2,95.2,6.2,100.0
16.7,77.9,5.3,100.0
22.3,70.2,7.8,100.0
16.0,93.5,6.1,97.8
15.2,94.6,5.9,82.7
12.5,69.1,5.5,66.6
25.9,78.8,10.0,100.0
9.3,100.0,8.6,84.1
25.7,71.3,7.3,100.0
18.5,71.3,5.3,93.7
5.2,74.5,5.6,72.7
17.6,72.8,4.2,100.0
0.3,90.7,7.0,50.0
19.4,94.7,6.9,100.0
21.2,71.4,9.3,100.0
10.9,99.7,7.8,90.0
15.9,70.0,4.0,83.0
28.7,87.1,8.5,100.0
11.5,91.7,6.3,74.2
7.6,100.0,3.9,67.9
25.4,100.0,4.6,100.0
28.7,78.0,6.0,100.0
15.0,90.9,6.4,81.8
22.1,81.3,6.8,99.7
24.4,100.0,10.0,100.0
9.8,72.6,2.3,80.0
11.6,80.0,5.0,56.7
23.6,72.3,4.0,100.0
26.8,80.9,8.8,100.0
18.9,78.2,5.6,100.0
8.8,71.4,6.1,81.0
28.9,87.2,5.6,100.0
11.3,84.9,5.6,72.1
12.7,97.7,6.3,82.1
17.4,100.0,7.4,96.4
25.9,85.2,6.9,100.0
21.0,74.6,5.2,100.0
17.9,87.6,8.2,100.0
18.2,77.8,6.9,95.0
15.3,79.2,8.7,81.9
18.9,71.3,9.6,71.2
0.0,83.4,6.4,55.4
12.9,79.2,5.5,75.4
16.7,78.3,3.2,83.2
6.9,85.3,4.8,64.5
17.7,99.5,6.2,96.1
13.6,69.5,6.3,99.8
27.3,100.0,8.7,100.0
26.0,78.2,4.2,99.2
11.7,94.8,4.5,91.2
13.9,77.0,4.9,78.1
14.5,97.1,7.3,86.3
11.8,74.1,5.5,69.8
16.4,90.3,4.6,97.5
9.7,78.6,6.0,89.0
7.1,100.0,6.4,66.1
19.4,86.9,3.8,100.0
19.4,80.6,6.7,94.1
9.4,98.6,3.1,85.3
21.3,100.0,7.0,96.2
10.6,88.6,5.0,79.1
16.8,88.3,9.1,84.7
20.7,86.5,0.0,100.0
14.8,84.0,2.4,87.0
18.2,94.9,4.9,89.5
11.4,97.7,5.7,88.0
13.6,74.7,5.5,98.2
13.6,72.7,9.2,86.0
9.8,76.3,10.0,79.7
13.8,97.5,5.5,73.3
4.2,97.1,5.8,62.8
11.6,80.0,5.3,76.9
13.0,81.8,8.6,91.0
13.2,69.4,1.1,85.3
13.3,83.2,7.4,89.2
14.6,92.3,7.2,95.8
18.4,96.3,4.0,99.2
21.1,73.7,7.0,92.2
10.5,80.1,5.8,68.9
6.6,76.8,4.6,89.3
7.7,94.9,8.8,65.7
11.6,82.0,8.4,72.2
12.5,90.6,6.5,81.6
9.6,83.6,2.7,75.6
5.9,99.1,8.8,61.6
11.8,83.9,5.7,87.4
16.3,83.7,8.4,99.0
19.2,88.4,5.7,100.0
11.1,86.7,5.6,74.0
12.1,78.7,7.9,92.7
8.5,96.2,5.6,70.0
14.8,76.3,4.5,68.7
9.1,82.4,8.3,66.2
19.0,79.7,6.9,99.3
2.5,73.6,5.3,57.0
12.5,74.8,5.6,84.5
17.1,95.1,8.3,83.3
16.3,93.2,7.1,86.7
33.9,72.7,8.2,100.0
17.4,77.4,7.3,90.4
8.0,80.0,7.1,58.2
14.3,87.4,9.0,86.5
2.6,89.2,5.8,54.6
14.4,81.1,3.4,100.0
9.2,82.4,4.6,75.4
21.4,79.1,10.0,92.4
11.2,72.8,5.6,80.8
14.2,82.0,6.0,86.4
10.6,70.4,4.7,82.4
27.2,67.2,5.0,100.0
12.8,83.9,8.0,72.2
27.8,72.7,8.7,100.0
20.7,77.3,4.4,100.0
18.4,81.4,9.4,96.7
17.6,78.1,8.1,86.2
17.8,97.9,4.5,98.2
1.5,98.3,5.0,43.2
13.0,66.0,7.3,84.4
20.9,85.7,6.0,84.6
14.7,97.1,4.1,97.0
5.2,83.7,8.6,65.1
14.6,69.8,6.5,86.1
26.9,68.8,4.8,100.0
23.7,80.8,5.3,100.0
14.6,100.0,4.1,67.0
21.7,84.5,4.6,93.7
12.4,76.9,1.9,77.6
3.1,90.1,5.5,44.8
8.5,98.0,6.5,63.7
25.9,74.0,5.3,100.0
13.1,87.0,7.8,80.1
13.3,96.1,9.1,88.8
12.9,81.4,5.0,93.0
28.3,73.9,5.3,100.0
26.4,63.1,7.2,100.0
30.5,83.3,10.0,100.0
13.9,86.7,7.2,82.6
17.1,80.1,7.9,100.0
4.4,89.9,6.6,61.4
25.3,82.6,6.3,100.0
6.8,100.0,7.8,64.5
16.5,85.7,3.6,100.0
7.3,93.4,2.9,61.4
10.9,95.3,4.0,91.4
9.1,79.2,7.4,73.1
10.7,73.4,5.3,89.3
11.2,100.0,4.0,60.6
11.2,65.4,5.5,84.3
20.8,76.7,8.8,98.6
7.3,88.0,6.0,71.6
16.5,96.1,6.6,73.2
23.5,91.9,6.0,100.0
11.4,76.5,7.4,86.6
10.0,90.1,8.9,64.5
13.4,71.6,6.0,71.9
23.3,72.5,8.6,93.5
16.4,78.4,4.8,83.5
11.3,74.0,8.6,79.8
18.4,88.8,7.8,95.5
7.3,86.8,7.2,47.7
19.8,79.9,9.2,100.0
17.9,88.5,7.9,85.5
12.8,96.3,6.5,82.9
9.1,75.6,9.2,71.7
8.8,78.5,5.7,60.3
18.7,79.5,5.2,91.3
23.6,91.9,3.7,100.0
10.5,100.0,4.0,76.7
18.2,93.5,8.0,89.4
0.4,82.7,7.2,50.8
10.9,83.5,3.6,83.8
14.8,83.7,3.8,73.8
8.6,66.2,3.2,60.8
8.4,80.4,4.3,73.8
10.3,80.2,5.6,74.8
17.0,71.6,4.3,73.5
13.7,100.0,3.8,90.7
0.0,73.6,7.0,51.1
0.2,85.5,7.9,66.0
10.8,87.4,6.6,74.6
18.2,81.8,4.5,96.0
0.0,91.1,7.0,68.0
11.5,75.7,7.1,86.1
11.3,74.9,3.8,78.1
24.7,88.8,3.4,100.0
12.3,84.3,8.6,87.4
17.7,74.0,8.4,74.1
16.0,91.8,5.2,90.3
0.1,75.7,7.8,52.1
20.4,100.0,5.0,100.0
16.5,68.7,8.4,88.5
18.6,83.9,7.6,98.7
40.0,75.7,4.2,100.0
0.4,98.6,7.4,51.7
27.1,82.2,6.2,100.0
13.0,97.8,5.1,64.6
17.0,69.1,9.2,82.3
14.7,97.7,6.5,69.4
12.0,99.3,3.1,71.2
11.0,77.6,5.2,76.2
17.3,93.5,7.5,100.0
4.4,81.6,5.9,45.8
20.3,97.0,4.6,100.0
12.1,75.6,7.8,71.7
7.1,85.1,7.3,75.7
11.8,78.3,8.0,84.3
23.8,83.7,5.7,100.0
11.3,92.9,6.7,86.3
17.5,84.3,4.6,100.0
9.9,97.2,7.3,86.9
20.3,81.9,5.1,94.3
19.8,88.0,4.5,100.0
27.9,87.7,4.6,100.0
13.8,75.9,8.4,76.6
19.7,100.0,4.1,97.5
15.7,100.0,5.0,87.7
24.1,86.9,2.0,98.4
10.0,87.8,7.5,79.9
20.2,100.0,5.7,97.1
13.6,83.2,10.0,79.8
14.6,90.3,2.1,73.4
15.6,86.0,7.4,88.3
16.8,70.8,5.5,85.2
14.2,87.8,6.2,75.7
16.5,85.0,6.1,95.6
26.0,75.8,6.5,100.0
21.9,85.6,4.5,100.0
21.1,65.3,4.4,100.0
11.8,95.6,10.0,67.6
8.8,80.5,3.5,61.6
21.7,100.0,6.5,95.1
21.1,93.2,8.9,100.0
25.3,94.3,7.4,100.0
10.8,86.4,4.8,85.3
13.4,87.6,9.3,100.0
3.5,75.4,8.7,65.4
12.3,77.3,6.7,78.8
22.0,81.7,6.7,100.0
11.7,82.1,5.4,68.9
19.5,95.7,3.8,86.3
13.7,86.5,7.2,97.8
17.3,65.5,9.0,96.7
7.0,77.0,5.4,33.8
15.6,94.4,5.8,81.5
0.0,74.3,6.2,66.1
13.7,78.0,7.2,71.9
3.6,83.3,4.6,73.0
23.4,93.5,6.1,93.4
20.4,82.0,7.2,100.0
18.3,81.6,6.4,90.9
25.6,69.3,2.8,100.0
8.4,75.0,3.1,73.5
27.2,92.7,3.9,100.0
21.5,87.1,3.4,100.0
13.3,89.4,8.9,90.6
22.9,67.6,7.1,100.0
7.3,85.2,5.9,71.5
9.2,84.5,4.1,81.1
10.7,82.2,4.2,80.5
11.3,72.3,5.2,78.7
7.6,79.6,6.1,74.0
23.6,100.0,6.7,100.0
13.2,92.0,8.7,87.1
17.5,77.5,4.9,91.4
11.0,84.0,8.2,76.0
2.3,63.1,9.5,67.5
16.9,80.5,5.7,100.0
1.6,80.9,5.6,57.9
14.5,100.0,10.0,92.4
5.4,74.6,7.4,63.9
28.9,96.4,7.0,100.0
21.4,86.4,5.4,96.6
15.7,71.8,5.1,100.0
23.8,96.3,9.6,100.0
9.1,82.7,4.0,94.6
18.8,90.8,5.4,96.8
16.4,100.0,7.2,96.6
16.8,76.8,4.9,79.9
23.9,93.8,8.7,100.0
20.1,77.1,4.7,100.0
17.0,88.1,9.6,86.5
3.4,86.8,8.5,61.2
8.3,85.6,2.5,67.9
14.1,79.7,4.1,74.5
15.7,91.0,4.9,90.1
7.1,83.3,3.9,77.5
31.9,100.0,3.8,100.0
25.6,90.1,3.4,100.0
19.2,81.7,4.8,84.6
15.5,85.7,4.8,88.5
13.5,82.7,9.2,93.6
8.3,89.0,8.5,71.0
15.5,98.2,6.9,93.2
16.8,86.5,8.1,90.2
6.3,88.8,6.8,68.5
17.3,73.9,4.5,83.0
13.9,74.7,2.3,84.3
1.6,84.8,4.6,60.2
9.0,84.0,3.4,79.1
12.1,84.2,4.3,85.3
28.2,69.6,4.9,100.0
18.9,99.4,7.4,91.6
5.7,93.4,5.6,62.6
18.4,94.5,9.3,97.5
4.2,88.0,6.9,54.3
22.6,93.2,3.0,100.0
11.7,98.3,5.8,65.6
14.3,82.4,4.2,81.4
24.3,85.5,6.8,100.0
6.0,84.0,7.0,78.1
5.2,91.6,1.5,75.1
10.9,89.0,5.9,78.0
22.3,74.7,5.2,100.0
4.4,83.4,5.6,68.3
0.0,78.8,9.4,36.8
11.8,94.7,10.0,70.5
18.9,85.6,5.1,100.0
23.4,73.1,3.2,100.0
11.8,92.0,5.9,78.5
12.1,95.8,5.8,75.7
23.1,82.7,3.1,100.0
1.9,82.0,3.1,55.9
12.3,85.8,6.5,75.9
16.3,82.2,7.6,86.7
18.1,85.5,7.2,100.0
11.4,86.6,1.9,65.6
15.2,81.7,5.1,97.6
0.0,94.0,5.4,52.5
10.4,77.5,4.8,66.7
18.2,89.8,7.6,83.9
8.1,70.9,7.2,52.5
15.4,75.5,5.5,88.7
18.1,85.3,5.7,100.0
12.6,91.9,5.4,90.8
16.2,87.8,2.5,89.5
8.3,82.6,7.4,79.7
13.6,91.2,6.0,92.2
19.3,85.7,8.2,96.2
16.1,79.1,3.7,74.4
10.9,73.7,2.6,78.1
16.6,88.4,8.2,100.0
20.0,76.7,3.5,99.1
0.7,94.4,8.0,56.5
23.1,83.2,6.4,100.0
12.6,76.9,8.2,96.8
18.0,91.8,8.4,100.0
23.4,100.0,3.8,100.0
5.4,85.9,3.5,76.9
10.0,90.7,4.2,77.0
13.0,80.9,8.1,90.6
9.5,83.0,6.5,83.8
27.1,80.2,7.0,100.0
9.0,100.0,3.3,63.4
11.1,73.6,4.7,100.0
16.4,81.1,5.7,90.8
6.6,100.0,9.4,42.6
12.2,88.2,5.0,90.8
17.2,79.6,5.1,83.7
12.7,68.5,6.5,100.0
14.3,99.6,4.7,89.1
11.3,89.1,7.6,61.7
4.4,96.6,7.9,61.9
17.3,70.2,10.0,75.2
27.3,79.9,5.6,100.0
15.1,81.3,7.9,85.2
16.6,89.7,8.8,97.2
19.8,89.5,5.5,100.0
6.1,75.7,6.7,70.0
26.9,73.6,9.7,100.0
16.4,99.5,6.2,83.6
26.4,75.1,8.2,100.0
9.9,87.5,7.9,80.8
27.7,85.7,5.1,100.0
20.4,78.7,7.8,95.3
18.9,77.7,5.4,88.9
16.6,92.0,7.4,93.1
13.3,90.9,6.9,83.0
23.4,73.6,5.0,100.0
16.0,84.9,3.9,100.0
1.2,93.1,5.7,64.1
7.2,97.5,8.1,76.9
13.7,68.6,6.1,89.7
17.2,90.2,5.6,100.0
14.6,77.3,7.1,71.7
23.5,91.8,3.7,100.0
1.3,80.8,8.8,44.5
16.0,84.5,2.6,98.0
2.3,86.3,9.6,41.7
20.3,97.3,1.0,100.0
14.3,87.7,5.8,92.0
17.9,76.4,6.5,88.0
9.0,93.8,7.6,68.7
24.0,88.3,7.2,100.0
22.3,90.4,6.9,100.0
19.1,97.4,5.6,77.2
14.1,73.8,10.0,79.1
19.1,88.8,8.4,77.6
10.1,78.7,7.4,74.8
21.0,74.0,10.0,94.1
26.5,70.1,7.9,100.0
22.5,97.7,7.6,100.0
9.9,97.4,6.0,54.9
17.5,69.0,5.9,71.6
5.9,92.6,7.8,54.7
19.0,90.8,6.0,100.0
18.2,92.1,1.2,90.3
1.9,83.0,2.4,69.0
6.9,83.5,5.5,75.7
13.0,91.1,6.2,84.5
12.9,91.2,7.5,100.0
6.5,82.6,3.6,78.5
17.7,72.7,1.8,94.1
16.8,75.1,5.1,94.4
13.6,75.8,2.1,94.4
9.7,80.2,4.7,61.9
22.3,92.2,6.7,100.0
26.6,76.7,4.7,100.0
11.6,81.3,5.7,75.5
10.7,84.3,7.5,100.0
18.4,83.8,4.1,86.8
12.5,70.3,8.2,81.0
14.0,87.6,5.6,87.1
20.2,92.9,8.3,89.9
1.6,100.0,6.5,37.1
24.2,81.3,4.9,100.0
15.5,84.7,8.5,80.5
12.1,93.5,3.8,66.9
14.4,80.3,5.6,81.6
14.7,76.2,5.3,80.8
2.9,80.9,4.9,40.2
25.5,83.7,5.9,100.0
15.3,100.0,8.3,91.2
18.1,85.9,9.7,93.4
21.7,87.1,7.3,100.0
7.9,94.8,6.2,64.0
18.3,93.8,6.3,100.0
13.1,100.0,6.8,79.2
20.9,84.6,4.8,100.0
0.1,94.9,7.5,40.2
14.3,79.3,7.1,79.0
10.8,81.8,8.2,73.0
18.0,80.1,7.5,99.4
18.3,94.4,6.5,83.3
10.0,95.8,1.8,84.9
10.0,81.2,4.6,76.5
14.2,77.7,6.0,90.3
8.7,94.4,6.6,87.3
20.9,99.7,10.0,100.0
12.4,82.1,5.9,70.6
0.0,98.2,4.4,66.5
12.4,85.4,5.1,87.2
7.7,81.5,0.1,52.4
3.6,88.4,5.9,68.6
6.3,94.0,7.8,62.0
15.8,88.9,1.7,90.1
24.3,79.5,7.3,100.0
17.2,76.2,5.1,90.8
10.8,91.7,4.2,78.1
18.2,84.1,4.5,100.0
11.8,91.8,7.0,63.8
10.1,98.9,5.3,90.0
6.9,90.4,7.3,65.6
2.7,71.1,4.1,53.4
12.3,100.0,4.7,90.8
16.1,94.6,3.1,89.0
14.3,91.7,6.7,78.4
12.1,86.7,5.6,93.1
8.4,80.2,5.3,68.4
19.3,84.5,8.0,100.0
5.8,80.0,5.3,74.6
20.4,72.0,5.6,100.0
8.0,87.8,6.0,75.0
9.7,79.4,6.1,93.4
4.7,77.6,9.1,64.9
11.5,66.2,6.2,93.4
21.8,78.1,8.4,100.0
18.6,85.5,5.8,100.0
21.8,94.3,4.8,100.0
18.7,73.8,7.3,84.6
7.3,84.2,8.1,81.9
12.7,100.0,8.3,85.1
9.5,82.4,7.5,75.9
24.3,81.8,4.2,100.0
6.6,88.8,6.0,66.2
21.3,91.6,4.8,100.0
21.3,88.9,3.5,100.0
27.8,81.7,10.0,100.0
12.1,68.0,5.9,53.0
20.0,79.1,8.1,100.0
31.0,72.6,2.3,100.0
10.7,84.3,7.7,82.1
4.3,66.1,4.9,52.3
1.8,100.0,3.9,59.7
20.0,64.2,5.8,85.0
1.8,80.1,5.3,42.4
12.4,84.3,7.6,85.3
18.1,97.3,7.0,89.9
16.3,100.0,6.6,100.0
18.0,85.0,9.5,100.0
16.6,92.0,6.1,82.3
24.0,100.0,4.9,95.4
8.3,88.7,4.1,64.9
10.3,91.4,3.5,56.3
9.6,79.0,7.2,65.0
20.8,80.8,6.7,100.0
21.3,73.2,5.6,91.6
18.2,93.8,5.4,82.3
23.3,77.4,2.6,100.0
6.8,72.9,8.2,70.1
26.7,94.8,6.2,100.0
25.7,70.9,5.4,100.0
20.1,100.0,3.1,97.5
27.5,85.4,6.1,100.0
3.4,99.3,8.1,48.1
11.3,82.4,0.2,63.4
9.9,95.1,5.1,80.6
20.1,88.7,7.0,99.0
7.6,87.5,8.3,70.8
20.3,81.2,1.0,100.0
24.6,95.6,7.3,100.0
19.9,98.2,6.6,86.2
17.0,85.9,5.8,82.4
8.1,78.3,9.6,39.0
9.1,82.0,6.5,81.8
23.7,81.1,4.7,100.0
20.5,86.3,6.6,100.0
14.7,98.1,3.3,94.2
12.1,82.9,7.2,85.9
0.8,86.9,4.4,46.2
7.5,85.4,6.1,69.8
28.4,79.0,4.7,100.0
6.0,92.0,6.9,73.8
16.3,84.7,5.0,82.9
22.1,74.4,4.6,100.0
6.2,90.9,4.1,74.8
16.3,73.7,6.2,84.2
21.6,89.1,5.7,100.0
15.1,69.7,1.1,83.1
35.1,92.3,8.7,100.0
3.3,87.1,4.8,43.6
22.4,92.2,4.1,100.0
13.8,76.6,8.3,95.1
20.4,99.7,8.2,100.0
18.1,83.2,8.5,98.0
9.9,81.7,4.4,71.7
16.6,77.9,5.6,89.2
2.0,90.1,7.4,53.6
19.2,87.8,3.9,85.1
17.1,87.8,8.2,89.5
19.5,100.0,7.8,100.0
22.4,98.3,2.7,100.0
17.6,79.3,3.4,99.5
16.0,83.7,7.2,89.3
8.8,100.0,8.5,75.9
10.0,91.0,4.0,71.1
23.3,74.5,6.3,100.0
25.1,92.3,8.7,100.0
13.3,90.2,1.0,67.7
15.3,76.8,8.2,98.5
8.7,62.8,3.2,83.8
23.2,75.2,6.4,100.0
19.7,93.7,5.6,82.9
28.6,65.6,1.9,100.0
8.9,75.0,6.3,71.0
12.4,67.7,2.7,85.2
16.6,87.3,4.5,100.0
19.5,91.5,5.6,100.0
13.5,94.3,5.1,87.4
8.9,76.8,8.6,65.7
21.2,65.3,4.4,100.0
20.0,91.6,8.0,86.3
8.6,84.6,6.4,73.5
24.5,89.0,8.2,100.0
23.2,71.4,6.3,95.1
15.9,75.5,2.3,100.0
15.6,86.9,8.5,77.9
18.9,64.9,8.3,100.0
9.0,83.2,7.3,74.7
15.2,75.4,5.8,85.9
0.0,100.0,9.8,28.2
21.1,77.8,9.1,100.0
4.1,72.1,6.5,66.6
25.5,100.0,5.3,100.0
12.7,99.3,4.4,94.8
13.5,84.1,2.8,77.4
10.6,97.4,3.9,85.1
13.0,90.2,4.0,89.6
24.9,88.0,6.3,100.0
0.0,88.6,7.5,50.6
23.9,80.5,3.3,94.7
17.4,84.0,4.9,82.1
6.6,83.8,5.6,70.7
7.5,100.0,9.3,50.2
26.7,83.5,8.6,100.0
8.4,93.4,2.9,76.1
6.9,82.7,1.8,69.2
23.0,81.5,7.8,100.0
17.4,90.7,5.4,100.0
8.4,89.9,5.9,53.0
16.5,71.7,4.5,100.0
7.8,84.0,6.8,70.0
22.7,82.9,1.4,100.0
22.4,90.0,4.4,97.0
18.7,100.0,3.4,87.7
17.5,95.8,3.9,98.5
27.3,75.9,6.9,100.0
15.0,96.5,3.1,99.9
6.7,86.8,4.9,50.6
18.1,94.9,3.9,100.0
29.6,85.4,3.2,100.0
7.9,74.6,7.9,84.0
12.5,99.0,5.8,69.9
17.9,69.0,5.8,96.9
14.6,100.0,2.4,89.6
8.1,89.7,4.1,79.7
22.9,84.7,5.5,95.2
31.2,97.4,9.3,100.0
16.4,94.2,4.3,99.4
8.7,85.7,7.3,70.4
4.2,71.8,7.3,48.0
16.8,95.2,3.8,98.5
22.7,75.8,4.9,100.0
18.3,87.0,7.7,85.4
15.0,75.8,6.0,84.5
10.9,80.5,2.5,83.8
7.4,90.9,6.9,70.4
20.8,100.0,4.3,97.7
21.4,63.3,8.9,100.0
4.2,100.0,7.8,69.1
26.1,76.3,6.5,100.0
19.0,93.9,7.2,92.0
24.8,89.0,2.7,100.0
5.6,84.2,7.1,63.0
5.4,71.3,6.7,57.2
14.0,95.9,7.5,64.7
18.5,91.8,5.2,99.3
27.6,77.5,9.6,100.0
19.9,81.5,6.6,100.0
13.3,91.2,6.1,91.8
7.8,74.3,7.0,72.9
23.6,85.7,6.3,89.9
8.2,81.0,8.8,51.6
26.4,81.4,6.6,100.0
13.0,92.1,5.3,77.0
26.1,72.8,3.7,90.8
19.8,77.9,6.2,100.0
14.0,95.7,5.7,89.6
11.4,89.1,10.0,70.8
12.6,82.6,5.2,81.1
18.0,94.3,5.9,85.6
15.5,95.7,6.7,99.9
10.8,96.6,1.1,83.6
13.8,62.7,9.1,75.4
15.6,79.8,10.0,100.0
0.1,80.1,8.1,53.1
18.2,92.0,3.4,76.1
8.1,80.9,9.2,75.0
6.9,68.0,10.0,74.9
3.2,100.0,4.0,62.7
2.4,84.7,8.6,39.2
5.5,81.0,7.8,80.3
10.0,79.7,8.4,66.2
28.7,95.6,4.4,100.0
11.3,93.7,5.1,72.1
16.2,81.1,5.9,100.0
17.8,81.1,8.0,100.0
15.9,90.4,6.4,98.1
14.5,82.2,6.7,90.4
6.6,93.2,6.3,52.5
25.2,96.3,6.5,100.0
27.7,92.8,3.9,100.0
3.2,69.7,2.1,53.1
7.8,66.4,7.8,66.2
13.0,75.4,6.0,88.1
8.2,80.9,3.3,77.8
18.5,74.5,0.4,77.1
9.9,84.5,7.1,77.4
30.2,82.6,4.3,100.0
23.3,95.1,6.8,100.0
16.5,72.3,4.1,99.8
22.2,81.6,4.8,100.0
22.7,67.8,8.3,100.0
11.1,65.1,6.7,70.5
9.3,72.8,9.2,66.5
15.5,91.4,6.4,82.2
21.0,74.4,6.9,100.0
16.0,84.1,8.5,88.6
4.0,84.1,7.5,67.5
9.4,100.0,10.0,63.4
14.5,97.9,9.5,89.2
14.5,73.8,5.1,90.3
28.8,94.6,6.6,100.0
5.3,96.3,8.1,50.4
18.5,85.1,8.3,93.8
25.4,82.5,0.0,100.0
30.9,91.4,6.9,100.0
12.2,84.7,7.8,77.1
18.4,98.2,7.5,100.0
19.0,89.7,4.5,85.9
16.4,80.2,9.6,91.8
14.3,75.9,6.4,92.4
18.1,80.1,6.7,100.0
0.0,95.1,6.6,45.8
19.8,78.5,6.1,100.0
15.9,98.9,5.0,100.0
13.4,79.7,4.7,77.7
29.3,68.4,10.0,100.0
10.3,68.6,5.2,68.0
12.2,77.4,9.3,82.8
28.9,67.8,7.6,100.0
9.2,99.8,3.5,65.7
11.1,100.0,5.7,83.0
14.0,89.9,5.6,74.4
20.9,87.5,7.2,95.1
16.5,83.1,5.3,81.9
6.0,94.5,8.0,84.4
11.3,94.0,4.4,74.9
10.7,79.2,6.2,51.9
14.5,83.5,8.0,79.9
18.0,85.1,7.2,100.0
17.9,84.7,6.4,94.0
2.6,81.1,5.0,63.1
22.4,85.4,5.3,100.0
16.8,84.2,5.2,100.0
24.7,79.4,6.0,100.0
18.1,71.3,6.6,84.9
22.7,89.5,5.2,100.0
18.3,75.1,5.3,82.9
24.4,70.4,10.0,100.0
18.7,81.1,5.3,100.0
14.3,89.2,4.5,68.7
30.9,77.7,4.2,100.0
21.2,60.4,6.6,100.0
19.0,90.9,4.6,99.1
6.1,81.1,6.6,77.8
6.0,85.7,5.5,63.7
17.0,75.3,8.6,91.1
16.0,79.0,5.7,63.3
10.7,96.8,4.4,93.2
16.0,72.4,6.8,85.9
26.1,83.2,7.6,100.0
19.9,72.6,9.9,94.3
7.0,88.4,5.1,60.9
14.2,88.8,7.1,96.7
9.4,77.5,9.1,80.5
12.3,91.5,7.8,98.0
12.1,73.0,4.0,53.7
11.7,97.2,8.1,87.5
6.2,91.7,4.3,59.2
14.1,85.7,7.5,77.0
11.1,73.2,6.9,77.8
0.0,89.3,3.3,51.1
29.4,79.1,3.0,100.0
22.6,96.4,3.4,97.3
12.4,80.3,3.4,79.3
15.1,98.7,4.9,100.0
6.8,94.8,5.7,72.5
26.9,64.4,4.8,100.0
28.3,97.8,10.0,100.0
16.1,76.4,5.4,87.1
22.2,84.8,4.6,100.0
16.2,94.5,2.9,91.3
5.6,94.0,6.6,77.6
12.1,76.0,5.2,76.1
15.9,83.7,1.4,82.9
11.8,89.7,6.3,79.2
13.5,93.6,6.5,100.0
14.4,93.2,2.7,94.5
14.4,80.1,4.6,85.6
15.4,84.3,6.0,89.0
7.6,91.5,6.0,70.7
10.0,74.0,10.0,69.8
6.0,83.3,9.5,63.5
21.8,86.0,7.4,100.0
0.3,91.1,9.4,42.1
23.1,81.1,4.1,100.0
24.7,83.2,5.4,94.5
12.9,69.7,6.6,76.1
0.0,79.9,5.7,38.5
12.5,88.5,7.9,89.7
14.6,91.0,4.1,78.4
7.9,87.8,6.5,75.0
11.4,98.3,9.9,67.9
25.7,77.3,6.8,100.0
19.7,81.1,5.0,100.0
8.5,88.7,7.3,75.5
3.8,80.3,6.3,67.5
12.7,81.0,5.1,90.9
13.5,77.1,4.1,71.1
18.5,89.9,9.6,94.9
11.3,82.5,6.7,88.7
18.6,100.0,1.3,90.2
28.5,100.0,7.5,100.0
20.7,83.2,5.0,100.0
14.7,86.7,3.8,90.9
13.7,89.8,5.7,67.7
12.5,97.7,8.3,87.1
23.3,96.8,6.6,85.5
10.6,98.3,8.5,76.7
15.3,94.3,5.4,77.3
15.4,81.0,4.3,92.4
11.5,94.3,9.1,86.5
5.4,76.4,5.6,46.8
17.3,65.4,1.9,100.0
14.6,91.7,3.5,89.3
18.5,87.6,5.6,100.0
11.3,89.3,2.6,75.7
23.5,94.0,4.6,100.0
8.9,81.9,4.1,57.4
27.0,95.4,2.0,100.0
2.8,76.3,3.9,57.9
18.0,68.7,9.2,96.8
18.3,86.7,5.2,81.9
9.4,68.7,1.1,82.7
18.0,72.2,0.2,83.7
24.0,90.4,5.6,100.0
0.0,99.2,5.1,49.8
18.5,87.7,3.9,96.3
0.0,76.1,7.3,30.2
8.2,60.6,7.7,84.2
26.4,75.8,7.2,100.0
10.9,80.6,4.2,60.8
6.8,89.4,1.9,58.5
13.6,81.1,3.6,100.0
29.5,74.7,5.6,100.0
2.2,54.3,5.1,65.0
7.6,74.9,0.9,68.9
25.5,100.0,4.2,100.0
28.0,86.5,7.2,90.5
14.3,100.0,4.8,78.2
6.3,85.6,6.5,65.4
29.7,75.6,7.2,100.0
26.2,82.6,8.6,100.0
19.8,86.0,7.7,100.0
9.3,73.5,5.2,70.7
14.7,63.9,2.2,73.4
13.9,86.1,7.2,100.0
17.3,89.3,4.0,91.8
25.2,98.9,7.8,100.0
21.2,69.4,6.8,100.0
7.5,100.0,6.7,88.6
24.6,89.1,8.0,100.0
17.2,80.9,8.0,94.8
19.8,86.7,6.2,100.0
25.3,94.5,4.8,98.4
7.2,84.4,8.7,60.4
14.7,97.5,5.9,94.1
11.3,86.4,6.2,95.1
4.0,100.0,7.5,57.7
17.4,100.0,6.2,100.0
32.6,89.5,3.1,100.0
2.1,92.2,8.2,49.1
14.8,82.8,6.4,79.2
19.5,80.9,6.1,97.1
15.9,71.2,7.4,94.4
14.2,100.0,7.3,93.4
5.9,64.3,3.5,67.5
16.6,100.0,2.5,93.9
9.7,78.3,8.2,89.9
0.0,79.8,9.5,33.6
23.4,78.7,3.1,100.0
21.7,73.2,7.9,100.0
15.4,81.3,7.0,90.2
16.6,94.9,7.6,88.7
22.5,79.3,4.6,100.0
16.6,94.4,6.8,98.3
21.3,72.9,6.9,89.2
12.9,82.5,4.5,94.7
24.2,97.4,7.9,92.4
17.2,84.8,4.7,98.1
16.4,75.9,4.9,98.5
6.1,86.3,10.0,69.9
17.0,81.1,8.6,88.8
9.2,78.7,7.4,64.5
10.5,74.7,4.4,92.1
9.3,98.8,4.4,59.5
7.5,89.6,9.9,64.9
29.9,77.5,5.6,100.0
24.3,82.1,5.0,100.0
28.4,83.5,6.7,100.0
6.4,100.0,7.1,66.3
15.5,84.2,5.1,80.8
5.9,94.9,5.2,62.5
10.1,88.4,4.3,90.1
8.6,100.0,9.4,64.4
23.7,72.2,2.9,100.0
12.2,78.1,8.6,100.0
22.5,100.0,6.5,100.0
19.2,90.5,4.0,100.0
31.1,91.4,4.8,100.0
4.6,53.9,2.0,79.5
23.8,76.9,6.0,100.0
23.0,78.8,4.0,100.0
8.2,81.5,6.2,66.1
22.0,100.0,4.6,92.6
17.4,100.0,5.9,90.9
13.4,69.6,6.0,78.9
9.2,73.6,4.5,69.5
10.0,74.6,6.5,76.3
29.3,89.7,6.1,100.0
15.0,83.0,3.6,91.4
20.5,90.1,6.7,100.0
9.5,95.0,7.7,74.4
9.5,76.9,7.3,68.1
22.6,82.7,5.4,100.0
5.6,72.0,3.3,66.2
12.1,88.4,5.5,84.1
15.2,87.2,6.4,91.6
15.8,90.7,8.3,88.5
13.7,80.7,6.0,74.5
17.8,83.2,5.6,80.7
19.8,71.0,6.2,97.0
20.1,100.0,7.4,99.4
8.1,84.2,4.4,58.8
13.0,75.8,7.6,100.0
23.4,82.2,5.6,100.0
21.3,86.2,6.2,100.0
5.4,100.0,7.3,50.4
17.5,82.2,9.4,96.3
1.2,94.4,7.5,48.6
15.3,74.2,5.4,91.7
28.3,80.1,5.2,100.0
8.4,75.2,8.1,69.5
9.2,74.9,9.1,70.6
20.3,80.2,8.9,100.0
4.2,83.6,6.8,61.9
10.6,77.5,8.0,94.7
19.2,60.0,6.5,88.0
10.6,81.6,9.5,64.0
13.3,84.5,7.3,67.7
20.2,70.5,1.9,100.0
18.0,74.6,6.1,96.6
16.9,99.4,8.4,100.0
12.6,86.9,7.6,77.2
17.6,97.8,6.2,100.0
14.1,97.6,6.7,72.4
18.2,76.3,6.4,98.4
11.5,100.0,5.8,91.0
13.7,80.4,3.8,95.1
8.1,68.0,4.6,64.3
14.8,100.0,5.2,80.4
9.3,100.0,3.5,68.7
7.2,85.4,7.5,71.6
16.8,68.0,6.4,90.4
16.5,81.4,7.3,81.0
20.5,79.7,7.8,100.0
12.0,84.9,5.5,70.4
17.9,96.6,4.1,83.8
18.9,93.8,7.0,100.0
18.1,62.8,6.5,91.1
9.2,86.6,5.8,68.2
16.0,84.3,4.7,90.1
17.5,71.7,6.0,91.0
15.1,95.9,4.1,76.3
0.4,96.5,5.4,79.4
16.1,79.4,7.6,89.2
30.5,87.5,9.0,100.0
12.5,88.7,9.3,85.4
9.9,83.4,5.5,71.0
17.6,91.3,6.7,100.0
17.2,87.7,5.2,94.0
23.3,88.6,6.6,100.0
6.2,92.0,5.8,69.6
20.1,79.1,4.2,95.8
19.1,93.7,4.9,100.0
14.0,90.8,7.4,83.1
17.4,87.3,9.5,82.0
22.2,92.3,7.0,100.0
21.1,86.6,4.2,95.0
7.0,85.8,7.0,72.7
20.7,73.8,7.8,96.5
14.5,74.2,4.3,91.5
15.5,95.3,4.1,80.9
15.5,92.2,8.7,100.0
13.9,80.0,5.3,85.4
23.3,69.2,2.7,100.0
14.4,77.8,4.7,97.9
7.2,100.0,3.8,71.5
12.2,68.5,5.7,72.8
16.3,97.4,5.0,90.3
23.6,100.0,7.5,100.0
19.2,79.0,6.8,75.8
9.0,70.4,5.8,59.1
32.4,99.5,9.7,100.0
16.9,82.7,5.9,83.2
23.9,82.8,7.2,100.0
13.9,94.7,5.2,89.3
18.7,91.0,6.2,100.0
20.9,71.8,6.1,92.6
23.5,86.4,7.4,96.4
22.4,68.5,4.7,100.0
21.1,79.7,3.9,100.0
12.8,98.6,10.0,88.7
11.0,97.6,9.6,73.5
17.3,100.0,4.6,90.2
21.5,90.2,6.9,100.0
13.4,92.9,10.0,67.2
22.5,100.0,6.3,90.9
25.2,90.8,5.9,98.1
8.6,82.7,4.3,64.4
9.1,81.1,6.8,48.4
14.0,90.6,7.6,81.6
17.2,82.8,7.3,92.2
11.3,73.9,7.1,82.2
24.5,83.3,8.6,100.0
18.0,91.0,6.5,91.1
15.3,93.7,4.7,88.3
4.9,70.6,7.9,70.2
5.8,83.9,4.0,70.7
17.0,100.0,5.6,73.0
0.1,82.1,7.3,60.1
22.1,88.7,6.2,100.0
13.9,94.5,7.3,84.6
37.7,80.6,3.0,100.0
31.2,72.6,8.3,100.0
13.7,97.6,4.4,71.9
14.3,87.2,2.2,85.4
22.0,84.5,4.7,99.3
26.9,90.5,6.7,100.0
3.5,81.1,5.6,63.4
2.5,63.6,7.2,47.3
10.6,75.9,3.8,69.9
19.1,93.4,5.2,95.2
18.5,80.3,7.5,95.7
22.5,92.3,7.5,100.0
6.6,86.6,5.4,83.6
0.0,97.7,9.6,49.1
21.0,93.1,3.5,100.0
9.2,100.0,7.2,74.4
0.9,70.3,8.1,71.4
16.0,86.1,2.8,93.3
20.6,78.8,7.0,100.0
14.1,92.7,5.5,100.0
11.8,91.9,7.9,78.2
13.9,88.1,7.8,100.0
12.4,86.1,8.0,84.5
5.6,100.0,7.6,61.3
10.0,85.2,7.8,55.4
18.6,100.0,7.3,93.2
17.3,80.8,5.8,100.0
16.2,61.9,5.1,99.9
8.0,87.3,5.4,55.1
13.7,90.2,4.3,88.7
0.0,100.0,8.9,36.4
16.2,89.1,6.2,76.6
25.0,72.4,4.8,100.0
4.7,85.8,3.5,53.2
10.9,80.5,7.6,78.4
17.3,81.8,6.5,94.8
23.8,79.2,8.8,100.0
11.9,66.3,5.8,77.8
10.2,93.5,2.8,62.8
1.2,78.4,6.1,46.1
15.7,69.9,7.9,86.6
29.3,87.4,8.3,100.0
16.9,84.0,5.8,94.5
14.8,92.8,3.3,71.7
17.3,85.9,8.2,100.0
14.9,78.1,8.4,87.8
9.3,79.0,4.3,67.3
20.8,83.0,5.2,100.0
16.6,94.5,6.8,93.1
15.1,87.1,7.1,69.1
8.2,80.4,7.5,73.6
24.1,78.5,7.7,90.0
19.7,88.8,5.6,100.0
11.1,82.6,10.0,73.6
22.0,72.1,5.8,100.0
11.5,100.0,5.8,83.3
9.5,68.1,5.0,76.4
9.7,69.9,5.5,61.4
2.6,91.5,4.3,46.1
18.3,75.7,8.2,98.2
2.2,87.8,8.0,74.8
6.4,75.7,7.8,64.0
0.5,86.1,4.8,47.8
14.4,80.3,4.8,83.9
13.9,79.6,7.5,91.4
12.7,81.3,4.4,88.1
7.7,80.5,5.0,78.5
6.8,93.4,7.8,80.8
18.3,98.3,3.0,100.0
11.1,83.6,4.9,81.3
17.2,66.3,6.1,89.9
8.8,93.9,6.0,81.9
16.3,86.1,4.6,92.5
24.1,91.2,10.0,100.0
19.1,100.0,4.8,100.0
12.1,84.0,7.4,70.6
16.8,100.0,6.2,92.8
13.3,70.9,5.8,91.6
15.1,100.0,5.0,94.2
12.7,80.1,8.0,96.9
13.8,100.0,6.1,63.8
16.5,80.7,3.5,85.5
8.0,77.5,10.0,77.0
7.9,91.9,6.7,79.9
5.3,97.7,5.4,80.1
3.8,95.3,8.6,67.7
6.5,66.6,3.1,82.8
16.1,83.8,3.2,87.5
8.8,79.4,7.8,67.9
18.6,63.4,4.7,75.2
15.2,90.6,6.9,93.4
1.2,75.2,7.2,58.7
19.6,78.9,7.0,100.0
20.7,85.9,6.6,100.0
8.0,89.0,4.5,77.8
17.9,83.3,2.2,86.4
9.0,88.6,5.3,61.1
15.7,99.4,7.3,77.6
6.1,67.7,6.5,58.4
2.4,93.0,5.4,70.5
12.3,75.6,4.5,82.4
14.1,85.6,6.7,83.4
12.2,78.0,7.3,94.3
6.7,87.9,8.6,57.0
12.2,82.1,7.3,98.4
16.9,73.8,5.0,84.3
14.7,72.7,5.5,81.5
16.3,85.7,3.6,90.0
10.3,80.0,6.4,88.4
23.2,82.2,5.5,100.0
6.8,86.9,6.4,67.4
18.4,89.4,6.6,83.1
23.3,98.5,7.6,100.0
18.4,78.9,5.3,95.7
13.6,88.9,6.0,75.6
11.3,86.5,6.5,69.2
22.3,78.9,3.2,100.0
5.0,69.8,5.5,76.9
8.2,73.1,6.6,72.2
12.2,92.7,8.1,79.1
23.7,85.1,4.4,100.0
17.7,85.1,5.1,95.4
8.2,100.0,7.9,64.1
12.8,65.5,6.3,76.6
10.7,87.2,7.3,83.3
10.0,74.6,5.0,80.3
21.9,65.9,3.2,100.0
5.4,89.8,7.5,45.6
26.3,80.5,6.3,100.0
20.8,74.6,3.9,96.2
22.6,75.0,6.9,100.0
11.8,72.9,8.0,66.2
14.0,72.9,6.6,92.1
5.0,83.7,8.7,61.7
11.3,89.2,7.5,60.6
18.5,77.9,6.3,94.4
24.1,55.1,4.7,97.5
7.2,100.0,8.6,100.0
12.4,81.4,5.9,92.9
13.9,82.1,7.5,84.3
5.2,95.2,7.4,57.5
19.1,83.5,5.4,93.2
9.9,99.5,8.7,68.6
13.6,82.2,6.0,96.3
11.8,73.2,7.5,64.0
9.5,94.4,8.5,91.6
15.0,83.2,6.3,72.4
13.5,79.3,6.3,66.1
12.4,87.6,5.3,79.3
9.9,87.3,8.2,76.5
17.2,80.1,8.7,87.5
26.6,72.7,6.7,100.0
16.0,73.3,6.0,92.9
22.0,77.8,3.6,93.4
5.3,73.2,5.4,69.3
16.1,100.0,4.3,93.8
7.3,74.1,2.4,74.3
4.7,91.0,8.4,66.3
9.8,99.1,4.8,77.9
23.3,77.8,6.6,100.0
21.7,89.5,6.3,99.2
16.7,91.7,4.6,86.9
4.3,85.8,8.0,72.6
13.6,80.2,4.8,74.2
17.1,92.3,7.8,87.9
16.2,92.1,4.0,100.0
2.1,81.0,5.5,31.0
8.8,98.9,3.8,81.8
14.6,89.0,4.8,82.8
18.8,83.2,3.3,85.3
0.0,89.6,5.9,50.6
13.9,93.0,3.0,82.7
16.0,100.0,8.4,79.7
20.9,86.3,7.8,100.0
19.9,86.6,5.4,100.0
19.1,82.6,7.7,100.0
9.4,99.1,5.1,76.7
1.6,89.1,6.0,71.5
12.2,73.3,9.0,95.8
22.0,88.9,2.5,100.0
24.8,83.6,8.7,92.6
20.0,81.1,3.4,100.0
18.0,89.3,9.5,84.5
17.7,73.4,8.3,100.0
11.1,93.9,3.7,65.4
14.1,100.0,5.3,100.0
26.7,95.8,3.6,100.0
8.4,87.4,5.7,79.3
26.3,77.8,9.2,100.0
12.7,82.6,6.3,87.7
24.3,95.7,5.2,99.0
5.2,83.5,5.9,45.8
19.1,74.9,4.9,100.0
9.8,79.0,4.0,85.9
5.1,100.0,3.2,62.3
16.5,90.4,0.7,75.8
22.1,71.2,7.3,100.0
9.1,86.0,7.3,72.4
4.5,100.0,6.0,49.8
14.4,81.4,6.9,81.5
14.4,91.5,5.9,94.0
18.8,84.0,5.9,100.0
21.6,72.3,9.3,100.0
14.6,93.2,3.7,90.4
28.0,85.1,5.7,100.0
16.6,75.9,8.1,93.7
12.6,90.7,5.6,81.5
3.7,91.9,7.0,60.8
13.2,85.8,2.9,80.7
12.6,91.2,6.8,69.8
21.7,73.4,0.6,100.0
18.2,91.0,7.3,91.4
6.7,81.6,7.5,81.1
16.2,85.3,8.5,91.5
19.7,72.6,6.9,100.0
25.7,71.1,7.5,100.0
21.2,84.5,5.2,100.0
20.3,82.4,5.6,92.5
15.4,79.5,9.5,88.2
17.7,77.4,6.2,87.6
23.7,83.8,3.9,100.0
5.7,70.0,5.6,61.2
12.6,83.1,8.1,100.0
9.6,100.0,8.3,63.2
17.7,70.0,5.8,100.0
23.6,78.6,6.4,96.8
10.8,100.0,3.0,95.6
0.0,83.9,6.7,63.7
12.1,67.9,5.4,81.0
21.4,76.6,7.2,100.0
18.8,75.0,6.5,97.3
18.0,75.2,5.9,98.6
13.0,95.2,6.8,81.3
6.0,69.3,5.8,52.8
18.6,95.2,5.1,88.0
9.2,77.2,7.1,46.8
30.3,53.2,5.6,100.0
19.0,88.8,9.4,100.0
10.9,74.3,7.0,83.2
10.7,82.8,9.4,93.0
14.3,95.9,6.9,85.9
13.3,74.7,6.1,75.0
22.8,77.1,1.6,100.0
16.3,84.0,4.8,85.2
9.9,82.4,3.2,78.6
28.2,99.1,8.0,100.0
15.3,83.5,4.9,94.9
20.4,84.5,4.7,96.2
10.7,73.8,4.0,80.3
17.5,80.7,5.1,100.0
17.2,100.0,5.4,82.9
1.8,85.4,5.6,53.2
29.1,71.3,9.6,100.0
24.0,100.0,7.5,100.0
12.2,90.0,7.9,88.9
7.3,100.0,6.2,58.0
17.4,77.2,2.6,100.0
15.6,92.3,4.7,86.8
17.5,82.5,5.9,78.7
16.3,82.5,3.3,100.0
18.5,100.0,5.6,92.2
25.1,100.0,4.6,100.0
19.0,84.6,5.8,98.4
7.7,78.2,2.3,62.4
24.5,73.0,9.9,100.0
26.5,71.8,10.0,100.0
37.1,79.8,3.4,100.0
7.1,87.2,7.3,95.0
16.7,84.1,6.7,88.4
0.4,79.5,4.0,45.9
18.9,66.3,7.8,100.0
11.2,92.3,4.7,90.8
28.5,81.6,4.2,100.0
9.6,90.8,4.4,76.5
3.2,99.4,6.9,44.9
11.7,88.2,10.0,86.6
1.2,52.6,2.6,64.1
20.3,83.5,9.7,96.7
0.5,68.5,6.1,32.6
15.2,82.5,4.9,100.0
0.5,93.4,6.1,48.8
12.8,97.4,7.0,92.0
26.5,100.0,5.7,100.0
17.5,98.1,5.7,92.6
9.0,87.7,2.5,67.8
14.8,100.0,7.5,75.5
15.1,67.2,10.0,81.3
18.3,89.1,5.0,88.3
5.4,79.4,5.3,59.9
19.1,94.8,5.5,100.0
0.0,80.0,3.2,50.7
10.6,79.8,5.6,84.1
11.6,68.6,6.8,94.1
19.4,88.9,6.7,100.0
15.2,93.4,8.7,79.1
5.2,90.2,5.0,54.8
8.1,85.6,5.5,76.0
16.4,82.5,2.9,90.9
14.4,74.9,7.8,98.0
10.9,80.5,7.1,67.4
11.6,69.1,6.8,87.1
19.9,76.4,5.2,100.0
11.4,82.8,4.9,77.0
14.4,92.2,2.8,84.9
30.2,91.5,1.5,100.0
5.0,100.0,6.5,58.4
2.0,90.9,7.3,39.7
20.5,76.8,4.6,100.0
10.2,85.9,6.0,83.4
12.8,88.0,5.8,62.7
9.5,80.7,10.0,100.0
13.2,78.7,9.0,74.6
26.2,83.6,5.2,100.0
20.6,83.7,3.8,100.0
21.0,77.2,4.2,100.0
5.1,94.6,5.6,64.1
6.9,94.4,6.4,73.3
0.0,92.8,6.3,67.6
9.3,75.5,2.4,73.3
21.7,86.1,5.9,100.0
18.6,72.9,8.6,100.0
13.4,100.0,5.3,71.3
14.8,81.0,6.1,84.4
10.2,90.9,4.7,62.6
16.4,97.3,4.5,95.1
20.4,85.3,3.8,100.0
3.7,98.2,6.7,46.8
17.1,86.0,8.5,80.0
21.5,80.0,3.8,100.0
12.1,71.4,8.7,75.0
19.9,100.0,8.2,100.0
34.7,90.9,3.4,100.0
14.3,100.0,8.1,85.3
17.8,87.5,6.7,99.1
9.8,87.1,4.6,70.7
16.3,94.7,5.3,79.4
18.2,73.6,1.8,92.1
16.4,88.2,5.4,83.4
7.9,99.7,4.1,87.1
16.4,79.8,7.2,85.7
25.2,86.5,4.5,100.0
18.1,75.7,6.2,100.0
21.7,74.4,8.4,100.0
13.3,61.6,6.2,82.2
20.2,83.9,1.5,94.4
17.0,92.2,5.6,100.0
8.3,72.3,5.5,67.9
17.2,88.4,8.9,82.1
8.1,72.5,4.0,81.2
10.6,71.2,2.8,63.7
16.3,85.2,5.6,100.0
17.1,100.0,5.9,100.0
6.7,90.4,5.4,78.6
22.4,89.6,3.5,100.0
19.0,80.9,4.8,89.2
10.1,76.5,6.8,73.1
4.2,74.5,6.4,71.0
14.0,90.0,5.7,91.1
11.9,83.3,6.2,89.2
15.8,86.2,6.9,87.6
12.5,81.9,3.5,80.1
0.9,73.1,7.7,48.3
12.3,90.4,5.7,98.9
12.9,83.4,6.2,82.3
19.4,80.5,6.6,96.7
10.1,89.4,7.1,63.1
26.8,100.0,4.6,100.0
1.6,76.6,5.3,61.9
24.2,83.0,7.0,100.0
13.4,86.6,7.3,86.4
21.0,78.7,4.4,100.0
15.6,86.9,2.9,98.0
23.0,97.1,4.6,98.5
12.3,70.8,8.5,88.4
7.3,74.1,9.6,69.1
24.9,71.5,5.6,100.0
14.2,100.0,3.6,81.6
16.6,81.7,8.5,82.5
23.6,81.3,4.8,100.0
7.8,86.0,8.6,84.5
19.2,75.9,5.8,96.0
10.9,85.8,8.5,79.5
14.1,85.7,4.7,81.7
15.5,93.3,5.3,72.7
4.5,85.9,6.8,50.4
9.5,83.2,1.9,81.6
24.5,80.0,5.2,100.0
21.2,82.9,4.4,93.5
14.6,100.0,8.2,88.0
16.7,89.8,6.8,94.3
12.9,65.5,6.2,79.7
24.5,86.7,4.9,100.0
13.6,78.0,4.0,83.1
16.6,64.0,4.2,95.0
23.0,81.5,5.0,100.0
9.6,75.8,6.7,100.0
25.9,89.0,10.0,100.0
4.3,77.4,6.9,48.6
26.4,92.7,4.5,100.0
12.4,81.7,10.0,82.4
13.3,91.4,2.6,84.8
1.8,84.8,7.0,44.7
11.8,100.0,7.8,83.5
7.7,83.2,5.7,82.4
10.7,84.6,3.1,84.5
14.0,80.6,5.4,79.4
21.7,76.0,7.9,100.0
16.5,67.0,6.9,95.9
17.2,88.6,9.0,83.4
7.3,93.9,10.0,60.3
8.8,73.4,9.1,68.4
27.6,75.7,7.9,100.0
9.9,80.2,3.0,59.0
26.6,73.1,8.6,100.0
13.3,97.6,4.6,84.5
15.0,99.0,8.2,87.5
22.5,90.1,7.2,100.0
23.9,87.7,3.1,100.0
14.2,79.3,6.9,83.3
12.3,73.4,3.9,78.7
14.6,76.3,4.3,90.5
17.4,98.7,6.3,92.1
21.2,74.6,4.1,100.0
15.0,99.2,5.0,94.4
19.3,100.0,6.5,100.0
26.5,84.4,3.5,100.0
17.7,78.2,9.4,83.0
17.2,79.0,1.8,87.3
4.4,75.3,9.2,70.7
0.0,77.6,7.6,32.1
17.7,73.3,6.6,99.7
14.3,73.6,6.8,81.8
11.4,91.6,2.1,78.6
16.7,78.4,5.1,100.0
14.6,65.1,7.4,89.7
22.9,92.2,5.9,84.5
15.6,86.0,7.7,98.7
9.8,83.9,6.9,84.5
21.9,100.0,8.4,100.0
13.5,83.4,4.1,90.8
18.7,95.0,8.8,100.0
11.7,97.8,4.2,77.7
10.5,86.0,2.5,75.4
15.6,81.7,4.9,89.6
15.1,70.8,9.0,95.4
18.4,100.0,3.8,97.5
13.1,97.7,6.5,88.6
2.1,85.2,6.3,57.7
12.0,84.7,5.7,82.1
20.6,71.4,8.1,100.0
12.9,79.0,5.5,84.0
13.3,80.6,7.8,75.5
21.9,85.0,3.6,100.0
10.0,93.8,4.3,78.3
4.2,91.9,7.1,55.8
13.9,87.1,6.4,85.5
11.6,100.0,1.9,75.1
8.2,75.6,7.2,83.2
13.8,81.7,5.6,83.0
18.4,90.7,7.8,95.1
14.9,61.8,5.8,81.4
17.1,83.0,5.6,98.8
27.7,75.5,6.0,100.0
12.6,67.4,1.6,99.6
16.9,93.0,5.1,77.4
11.4,100.0,4.5,84.3
9.1,88.0,4.6,71.1
10.9,85.1,6.9,78.0
11.6,91.4,8.8,82.7
17.5,77.2,5.2,83.8
31.4,74.3,5.2,100.0
10.0,79.4,8.2,71.7
12.1,98.2,6.6,74.8
14.6,80.3,10.0,79.9
17.8,84.5,6.2,81.6
16.8,72.8,1.8,76.7
24.0,77.5,7.4,95.4
0.0,82.0,4.7,58.5
0.0,90.2,3.5,42.8
11.5,90.9,4.9,78.7
22.7,92.6,3.6,100.0
4.0,61.1,8.2,53.1
0.0,100.0,5.3,51.2
19.0,69.0,5.3,100.0
16.7,72.0,8.0,86.3
7.4,96.1,10.0,60.0
8.1,76.2,4.9,69.0
8.2,75.5,3.5,69.8
15.8,82.0,9.3,94.2
10.6,87.7,4.6,76.3
18.5,90.3,4.6,100.0
0.0,86.6,4.0,41.4
9.0,81.3,5.9,82.0
7.1,85.4,2.6,52.5
13.2,94.9,2.9,78.2
11.2,84.6,3.8,79.7
20.6,84.3,4.1,100.0
2.0,90.9,4.8,53.7
15.3,72.6,6.5,91.9
18.9,83.4,4.6,83.2
28.0,92.3,7.1,100.0
11.6,85.0,5.4,73.4
17.3,75.4,4.3,83.0
2.4,100.0,7.7,49.2
0.0,90.0,3.2,47.9
20.9,95.2,6.0,99.1
15.0,89.6,6.3,83.9
23.2,99.1,2.5,78.8
5.4,75.3,6.2,68.5
18.6,80.6,5.1,92.6
28.1,79.5,4.3,100.0
17.9,83.9,7.9,92.5
16.9,75.7,5.6,80.2
15.1,74.4,9.9,76.1
4.0,76.5,7.7,65.6
24.5,82.6,8.0,100.0
10.7,99.8,7.3,69.7
18.5,86.2,3.8,95.7
4.1,66.2,7.4,54.7
6.7,68.9,8.5,80.7
25.0,87.5,6.4,100.0
12.6,75.9,4.5,70.1
25.2,76.9,4.5,100.0
14.5,80.3,4.1,81.1
2.1,99.9,2.8,45.9
21.2,90.9,8.9,93.1
10.9,93.0,5.1,100.0
19.9,80.5,6.3,100.0
15.2,77.1,5.8,100.0
4.2,80.6,3.4,65.9
16.2,66.2,7.9,92.7
30.4,100.0,6.9,100.0
18.5,89.1,4.8,100.0
14.6,81.8,2.0,71.4
22.5,88.6,5.8,100.0
16.5,73.6,4.2,88.0
16.5,90.0,6.7,94.6
7.4,84.9,8.4,57.6
16.6,86.4,8.3,100.0
22.2,72.8,6.3,100.0
9.1,96.7,5.5,85.3
25.0,76.8,6.9,100.0
14.4,85.0,4.2,100.0
8.8,80.5,7.6,69.7
22.0,99.4,3.4,100.0
13.0,99.0,7.6,96.7
20.3,90.6,7.0,100.0
13.0,79.6,6.1,78.1
14.6,91.7,9.5,97.4
18.5,94.7,8.8,89.2
17.0,92.8,5.5,95.3
1.0,95.4,5.5,53.7
7.2,92.5,6.7,77.0
21.5,90.5,10.0,100.0
14.1,77.0,5.4,82.9
11.3,100.0,8.1,85.8
5.5,86.2,8.8,62.4
7.4,71.4,4.4,67.0
0.8,97.3,6.1,77.1
14.3,76.7,9.3,84.6
10.8,92.8,6.2,58.4
8.2,100.0,5.6,70.3
14.5,80.3,4.1,95.9
17.5,86.2,3.8,100.0
29.7,77.5,6.4,100.0
4.4,79.5,6.1,61.5
23.1,66.2,3.7,100.0
21.8,87.3,5.6,100.0
9.5,98.4,2.4,80.6
16.4,92.6,4.7,89.9
11.8,80.9,4.3,77.5
16.3,90.8,10.0,99.0
25.6,70.5,5.2,100.0
19.2,93.5,3.9,100.0
18.6,83.8,5.2,100.0
12.0,79.4,3.2,75.6
4.6,68.2,3.6,65.0
13.5,85.9,4.7,80.8
23.4,88.4,8.6,100.0
4.3,98.4,5.7,60.6
7.6,86.5,7.0,68.7
15.9,82.4,3.5,99.8
8.1,92.5,6.8,76.8
9.5,72.1,4.8,77.9
12.0,88.1,5.7,76.4
5.4,83.3,9.1,52.4
8.2,77.6,6.3,71.6
19.9,93.5,6.6,100.0
5.8,88.3,7.5,65.8
3.8,73.7,9.7,54.6
10.6,100.0,3.5,78.0
20.1,73.5,5.7,98.8
13.6,76.6,8.0,82.4
11.7,84.5,3.9,78.2
15.3,70.4,4.4,100.0
2.8,76.9,4.6,55.4
18.5,70.9,3.5,100.0
17.7,96.8,5.0,84.2
12.1,64.5,7.3,65.3
22.0,79.1,5.7,100.0
7.1,80.8,5.2,84.3
22.9,91.8,4.7,100.0
16.1,80.6,7.4,97.8
12.6,98.2,7.0,86.5
14.9,87.3,6.5,88.8
14.2,82.8,4.3,86.5
23.5,80.2,5.3,100.0
7.5,77.7,2.7,81.5
9.7,78.3,8.1,81.7
22.3,73.0,6.8,84.2
10.8,73.6,4.3,83.7
21.3,86.6,10.0,88.9
26.9,91.2,4.9,100.0
12.2,72.5,2.8,86.0
19.8,88.0,7.3,82.8
6.9,90.4,8.2,60.0
20.3,86.0,5.2,98.9
16.4,86.8,5.6,96.0
18.3,63.5,5.8,100.0
10.5,84.6,5.1,79.7
3.4,82.1,7.6,71.9
18.5,99.4,7.8,93.8
0.6,69.7,9.6,62.7
12.8,80.6,6.9,83.6
21.6,79.4,7.7,100.0
16.3,91.3,5.6,87.1
28.6,82.1,2.4,100.0
22.2,81.3,7.6,100.0
10.4,94.0,8.1,76.6
15.2,89.1,9.6,79.9
14.7,79.5,7.9,98.1
3.9,93.4,4.1,60.8
8.4,69.6,4.4,72.0
11.1,99.8,4.5,83.5
0.7,93.3,5.9,54.2
15.3,89.9,3.6,88.5
13.3,86.8,4.0,99.2
3.3,90.6,5.8,47.2
17.8,84.5,5.3,100.0
20.0,66.0,5.5,100.0
16.6,100.0,3.7,76.9
12.7,98.7,3.6,93.6
19.1,69.1,6.4,91.5
19.8,96.4,6.9,100.0
17.2,80.6,8.6,87.7
9.2,94.2,3.4,98.5
16.9,92.4,5.2,93.0
23.4,82.9,10.0,100.0
10.8,88.9,6.5,77.2
29.7,72.7,5.4,100.0
11.3,99.0,7.9,70.3
15.2,79.3,8.3,85.8
10.3,83.0,7.8,47.8
16.6,78.7,5.1,98.3
2.8,78.4,4.3,65.6
11.2,90.4,4.2,90.6
7.4,81.2,5.8,68.2
15.9,73.6,8.9,83.9
22.0,77.8,7.1,100.0
19.5,76.8,7.8,100.0
0.0,77.4,2.8,60.6
29.3,86.0,5.5,100.0
17.1,95.4,8.0,78.1
9.6,66.4,2.2,91.9
16.1,70.0,5.7,84.0
16.2,91.4,10.0,88.5
10.3,83.4,1.3,75.7
16.4,83.5,4.6,83.5
10.7,91.6,5.9,81.3
12.2,81.5,8.1,81.4
10.2,87.1,9.3,84.3
5.0,100.0,3.9,41.7
16.0,78.5,4.4,99.6
19.1,70.4,6.1,100.0
18.6,92.5,6.6,81.6
20.7,100.0,4.8,92.7
17.3,87.9,5.4,79.9
11.3,83.6,8.3,73.1
20.9,71.0,7.3,100.0
5.5,83.4,6.9,54.9
8.7,71.3,5.7,80.9
8.3,100.0,5.4,55.1
22.6,100.0,5.8,100.0
21.6,82.6,9.0,74.3
18.4,73.4,7.2,100.0
22.5,85.0,6.7,100.0
8.8,68.1,8.5,83.4
17.4,94.4,6.9,98.4
14.1,100.0,4.3,99.5
20.9,93.2,4.0,99.9
14.2,97.9,7.0,76.3
12.3,88.8,5.0,72.5
18.8,96.7,3.9,96.1
21.1,82.0,7.9,100.0
10.3,97.9,7.4,71.6
14.6,93.1,7.1,91.8
7.6,79.4,3.6,69.6
0.0,86.7,5.8,61.1
16.4,100.0,3.3,96.5
19.3,83.6,3.3,84.2
16.8,90.2,5.3,100.0
1.4,70.3,9.3,59.9
12.5,78.5,7.6,71.4
0.0,86.5,4.4,53.1
24.6,73.5,4.6,98.7
7.4,80.1,4.9,80.6
23.8,82.2,6.6,100.0
21.6,68.6,9.2,99.6
8.7,61.6,7.2,63.3
7.1,92.5,6.0,73.3
17.5,77.3,7.0,90.4
9.1,81.2,2.2,76.5
15.7,80.8,4.1,89.6
11.6,85.0,6.4,80.0
2.5,85.6,5.3,45.4
0.0,100.0,4.8,40.3
16.6,83.7,7.7,92.3
11.1,96.2,9.3,81.3
11.1,70.9,8.0,66.9
19.9,100.0,6.1,87.7
23.2,75.5,7.2,100.0
13.1,92.5,5.1,79.2
12.6,84.2,8.5,64.4
18.5,74.0,6.2,93.4
5.5,75.7,4.2,51.5
16.6,85.9,7.3,85.5
18.9,82.3,6.3,87.6
19.8,79.1,5.7,100.0
1.4,99.1,6.2,46.0
9.7,93.0,3.9,74.6
8.9,77.1,8.2,76.2
15.7,100.0,3.5,85.5
18.4,60.9,5.0,100.0
25.5,97.7,5.1,100.0
11.5,100.0,4.3,86.8
11.5,66.3,5.5,90.0
23.0,82.1,5.3,100.0
17.1,89.9,5.9,90.5
23.9,83.0,9.4,100.0
17.0,91.7,6.4,71.5
6.9,84.7,4.2,62.9
5.7,89.2,8.1,59.5
4.1,89.2,8.6,63.1
19.6,84.1,3.9,87.7
23.3,81.7,6.0,98.3
27.9,85.5,4.3,100.0
20.9,75.6,9.0,100.0
23.1,94.0,4.8,96.7
10.9,89.2,5.9,75.0
6.9,98.7,6.5,77.3
21.0,93.2,9.3,100.0
17.9,81.3,6.2,92.4
15.8,82.1,6.0,100.0
17.7,98.4,6.7,74.8
17.3,75.9,4.2,69.3
24.0,85.7,9.4,100.0
24.1,89.8,7.8,100.0
18.8,75.0,3.4,99.8
20.9,74.3,3.8,100.0
18.6,77.0,10.0,96.1
11.8,77.7,5.1,71.2
20.3,92.3,8.3,93.5
5.2,77.2,5.8,85.7
22.4,67.9,6.0,100.0
6.6,85.3,3.4,58.9
17.0,100.0,2.3,92.2
9.1,87.4,4.3,83.0
18.9,75.5,4.2,86.5
14.8,84.7,8.0,98.5
3.8,82.6,4.7,51.6
17.9,86.8,1.6,98.5
11.0,97.6,4.9,78.8
21.2,71.7,6.5,88.4
15.0,81.4,4.8,88.7
17.8,75.0,6.8,85.7
8.3,87.9,8.3,78.7
10.9,100.0,8.9,65.8
11.8,73.1,6.9,88.2
21.0,100.0,8.7,100.0
26.7,83.7,4.6,100.0
9.4,92.2,7.0,63.3
22.5,81.0,7.6,99.6
0.0,99.2,5.0,46.6
6.6,74.9,7.3,67.4
8.3,97.9,6.4,71.9
5.5,82.1,5.4,75.3
3.9,84.5,6.8,56.2
17.9,95.0,1.5,97.1
13.5,73.7,6.1,90.6
17.7,89.3,6.9,100.0
19.8,85.8,8.1,100.0
16.9,78.3,10.0,83.4
19.6,80.2,6.0,100.0
14.5,100.0,3.7,91.3
6.7,82.9,6.5,76.1
22.4,73.2,6.8,100.0
10.9,77.2,2.4,77.3
8.5,90.5,9.3,59.6
13.8,85.8,7.3,75.4
8.6,100.0,3.8,65.5
12.1,72.1,6.0,97.5
17.4,77.2,3.2,97.5
17.4,87.5,5.3,100.0
8.7,78.1,10.0,77.5
11.6,77.5,5.2,74.9
22.5,100.0,5.5,100.0
18.5,100.0,4.8,100.0
29.5,91.9,6.7,100.0
23.3,86.6,5.3,100.0
23.0,97.5,7.6,100.0
5.3,93.0,5.8,57.2
20.3,72.0,6.9,92.7
14.6,77.2,10.0,95.0
11.1,83.9,6.7,79.6
16.2,75.2,8.2,100.0
21.6,80.6,6.0,100.0
18.5,81.0,7.4,87.5
8.9,69.9,6.6,75.1
20.2,72.5,3.8,96.2
10.5,92.0,6.5,78.8
16.5,96.6,8.6,79.4
12.9,77.9,7.7,68.5
13.5,90.9,3.6,74.0
20.4,81.1,7.0,100.0
7.7,98.8,7.3,70.5
28.6,83.7,5.7,100.0
2.3,70.5,6.0,69.5
10.8,100.0,6.0,81.6
17.6,100.0,3.0,92.2
19.1,92.2,4.6,100.0
14.3,78.6,4.8,95.6
14.6,91.1,6.9,91.3
17.9,93.1,8.6,85.3
13.4,70.8,4.6,78.6
24.8,91.7,8.8,100.0
20.9,89.1,5.1,100.0
21.1,93.1,5.2,100.0
8.2,93.2,7.4,81.2
14.4,82.3,4.6,82.3
12.9,88.2,6.3,81.8
8.0,88.8,4.4,68.8
17.5,82.6,7.6,95.3
11.2,100.0,10.0,70.0
19.6,82.7,10.0,98.6
7.5,98.1,4.6,70.6
27.0,78.6,5.4,100.0
8.7,73.5,8.2,59.9
16.5,96.3,7.6,96.2
20.5,92.2,6.8,100.0
11.0,75.7,6.2,89.3
21.0,82.2,7.4,100.0
6.4,87.0,6.1,62.1
25.2,100.0,8.2,100.0
15.1,80.5,7.1,100.0
10.8,58.1,4.1,94.5
12.9,76.5,9.1,78.1
20.7,86.4,7.7,100.0
10.9,81.8,3.8,84.2
9.8,76.1,7.3,79.0
13.4,72.6,6.9,75.2
6.8,89.1,5.9,67.3
27.7,98.7,5.3,100.0
11.0,86.4,2.0,71.8
20.8,77.4,5.2,85.8
16.5,82.4,3.4,95.3
8.1,92.5,1.1,58.7
15.0,80.3,5.9,89.1
20.5,75.2,7.2,97.0
13.7,93.2,7.1,64.2
23.4,91.2,8.0,100.0
22.2,89.4,5.9,100.0
21.4,73.6,1.6,91.4
11.8,84.6,3.6,78.0
7.4,74.1,3.4,62.2
10.7,81.9,4.2,77.2
16.4,81.9,9.3,80.7
18.8,73.0,7.4,86.1
0.0,94.0,4.9,38.4
14.9,84.3,8.4,85.0
16.1,81.6,6.9,61.6
13.1,93.9,5.8,66.3
24.0,97.2,4.1,94.5
18.0,89.1,3.7,97.7
24.2,95.4,8.0,100.0
13.5,84.3,5.8,73.9
21.6,87.1,6.7,100.0
26.4,91.2,2.5,100.0
24.2,86.5,4.1,100.0
7.4,90.2,7.3,56.6
13.2,90.5,8.2,76.6
12.6,79.2,4.5,87.7
18.4,100.0,2.5,100.0
19.8,99.5,8.1,100.0
9.1,77.0,6.4,89.0
15.5,73.5,5.3,100.0
0.9,81.0,4.7,59.3
25.1,79.0,5.1,99.6
11.4,99.7,5.1,88.3
15.4,86.9,7.7,88.6
12.8,78.9,6.7,81.4
23.0,93.1,7.1,96.5
0.0,74.0,5.9,46.9
14.9,76.8,8.1,81.6
14.3,100.0,9.3,78.3
11.8,77.0,5.3,100.0
27.1,88.7,3.0,100.0
8.8,77.8,10.0,68.3
20.4,97.9,5.4,100.0
17.5,81.5,8.5,96.0
23.8,76.3,4.1,100.0
10.3,80.0,8.5,66.9
9.9,91.0,3.9,66.4
22.7,65.8,4.9,100.0
18.0,100.0,8.7,94.9
4.2,85.3,6.9,55.4
11.2,86.5,8.8,75.3
17.7,89.8,7.9,99.0
20.9,66.3,4.0,82.1
10.2,81.6,4.3,86.5
0.0,91.1,2.0,47.7
18.7,88.0,6.3,78.5
6.5,89.0,3.1,55.4
0.9,96.7,7.5,38.6
0.0,69.3,6.9,50.1
20.7,80.1,2.7,90.2
15.9,92.9,4.7,68.2
13.4,80.6,10.0,96.2
24.7,90.2,5.9,100.0
19.5,75.9,5.4,100.0
26.3,84.0,6.0,100.0
5.3,74.7,5.8,39.9
14.8,79.7,5.8,76.8
3.7,79.3,6.4,77.5
13.4,56.6,4.1,95.3
13.3,80.4,1.2,91.6
19.4,77.6,5.7,84.7
15.3,77.3,9.0,97.4
19.4,84.6,5.3,94.0
19.9,89.9,7.7,100.0
30.1,86.5,5.7,100.0
12.8,76.7,3.1,73.3
8.4,84.1,7.5,56.4
16.7,86.3,7.2,97.1
9.4,74.3,4.6,85.6
25.4,93.1,4.7,100.0
13.0,70.4,7.9,83.1
11.0,80.0,6.8,82.0
11.7,89.5,5.8,69.0
20.0,81.9,5.9,100.0
13.9,85.0,10.0,84.1
10.5,80.9,8.4,84.0
26.7,76.6,6.1,100.0
9.0,87.1,9.8,81.1
15.2,76.9,6.0,96.4
19.6,77.8,8.6,100.0
3.6,74.2,7.1,58.4
18.4,98.8,5.5,93.7
7.6,77.9,7.0,78.6
20.8,86.4,6.6,86.5
8.3,95.5,9.1,57.0
19.8,80.7,9.5,91.9
22.7,77.5,4.9,100.0
21.0,80.1,8.2,100.0
16.8,86.2,8.3,100.0
13.4,71.4,4.8,73.1
11.0,91.8,2.4,66.0
25.3,78.6,4.9,100.0
10.1,98.2,5.1,80.8
7.7,97.2,4.9,60.4
19.7,83.3,3.9,100.0
9.4,78.6,6.3,75.7
8.3,87.5,9.6,54.8
4.9,88.7,3.4,53.4
11.6,94.6,6.1,84.6
14.4,87.3,5.6,85.3
16.7,78.8,5.5,87.3
21.7,77.5,9.2,100.0
18.7,87.7,6.2,100.0
13.7,72.3,10.0,77.0
13.6,69.1,5.7,100.0
18.6,60.8,5.5,100.0
23.9,82.0,4.7,100.0
15.9,83.7,4.1,97.2
11.7,81.5,4.8,83.9
8.0,86.0,5.9,67.3
4.9,91.2,6.4,72.3
19.7,82.0,2.0,94.6
19.0,100.0,4.7,90.8
19.0,90.2,6.1,98.8
14.1,81.5,5.0,77.9
24.8,85.2,7.1,100.0
11.6,56.7,6.8,80.8
21.7,82.5,7.4,100.0
14.7,79.3,3.4,80.6
10.7,72.9,9.0,61.3
19.1,100.0,2.7,93.5
17.9,83.2,8.4,100.0
17.5,83.2,4.7,100.0
15.6,90.6,1.8,81.9
14.7,91.4,8.2,86.4
31.7,100.0,7.7,100.0
23.3,88.2,7.6,100.0
20.1,85.1,2.5,100.0
15.8,78.2,7.8,84.3
22.1,67.6,7.5,100.0
18.6,86.5,7.2,86.6
15.2,69.2,7.5,65.4
12.9,96.0,5.8,81.5
14.4,86.1,6.5,87.3
0.0,85.5,4.5,48.1
16.5,80.1,4.7,99.5
11.6,76.0,8.6,75.2
26.1,87.2,7.0,100.0
15.1,96.2,7.4,86.8
6.7,71.4,6.5,94.1
14.7,75.9,10.0,82.2
7.7,97.7,9.1,78.5
18.3,99.5,1.4,91.5
17.0,88.7,5.0,100.0
21.7,68.0,8.2,100.0
9.5,87.1,7.7,92.9
15.2,97.7,5.6,82.7
5.4,67.5,4.0,76.3
19.9,89.6,6.5,100.0
18.6,82.6,8.9,78.5
18.5,70.8,8.8,93.0
15.0,77.6,5.1,91.6
17.9,82.8,5.2,89.6
26.2,80.8,5.1,100.0
13.0,76.4,7.0,74.6
16.0,95.8,8.1,89.3
7.4,76.8,7.8,42.8
8.9,83.8,4.7,78.9
15.7,77.8,3.1,98.8
22.7,86.3,5.5,95.3
13.2,89.7,5.1,78.5
13.3,91.4,7.8,79.1
12.2,83.0,6.6,81.7
11.3,76.8,7.9,80.4
17.1,84.3,6.3,90.0
4.5,78.9,9.8,65.5
24.0,97.2,9.4,100.0
10.3,81.4,5.8,76.4
20.1,82.3,7.9,100.0
6.1,80.2,6.8,62.5
19.7,69.4,4.9,98.0
19.7,89.6,6.9,94.5
17.7,100.0,8.5,90.0
8.0,88.9,4.2,53.8
16.7,79.2,2.0,96.2
6.7,95.4,5.6,54.8
13.2,82.0,4.4,67.1
22.2,100.0,8.8,100.0
20.6,91.3,6.3,99.7
15.1,68.6,5.2,78.5
8.2,92.9,4.3,70.3
19.5,100.0,5.2,85.1
15.1,80.3,7.6,99.7
0.0,90.8,4.7,45.4
20.5,84.9,6.5,100.0
14.8,59.1,6.7,75.1
23.4,74.6,0.3,100.0
7.3,80.5,3.8,68.3
0.0,89.7,4.9,49.4
17.0,72.9,4.2,86.2
17.0,77.3,7.3,100.0
3.2,63.0,4.3,73.3
8.2,81.4,5.8,72.8
34.3,86.5,3.6,100.0
12.9,74.9,7.3,71.1
20.1,91.6,5.1,96.3
10.4,89.0,6.7,80.9
0.4,80.9,7.6,60.3
13.8,73.8,7.6,78.2
13.1,94.0,3.6,79.0
12.2,75.8,6.0,80.7
14.2,84.6,3.7,80.1
16.8,94.8,3.3,94.1
13.9,68.0,6.3,87.6
6.2,84.6,7.0,60.1
18.4,69.3,4.3,97.8
1.4,97.5,6.9,64.2
0.6,100.0,5.9,35.8
20.2,70.6,6.5,100.0
18.5,89.4,5.9,100.0
14.6,80.6,5.9,70.6
5.2,71.5,4.6,70.3
10.0,84.0,3.1,81.0
13.2,72.7,10.0,70.2
3.8,95.3,3.5,63.3
9.8,98.0,8.7,57.6
19.6,96.5,4.6,97.0
25.0,81.7,2.4,100.0
12.1,97.9,2.8,75.9
20.3,81.0,5.9,97.7
1.6,86.7,6.1,55.0
19.6,70.8,7.6,98.8
9.4,90.5,10.0,70.8
17.2,81.2,5.5,91.4
13.3,76.2,4.5,86.0
24.2,88.8,5.7,100.0
8.9,82.8,7.7,71.4
19.4,96.8,5.9,91.6
13.0,63.4,8.0,67.6
13.9,92.4,7.4,80.3
13.7,65.3,5.8,73.3
9.1,90.8,2.9,79.3
14.9,81.3,5.8,86.5
14.6,83.7,10.0,88.0
16.7,100.0,8.6,93.9
15.6,89.6,5.5,80.9
20.6,83.4,8.5,91.3
21.5,69.0,7.2,100.0
7.6,93.6,3.4,80.9
21.1,90.1,4.6,100.0
6.7,96.1,8.1,77.6
19.1,91.6,7.0,92.9
19.3,90.5,6.7,91.0
1.6,96.6,8.0,54.7
15.7,87.8,2.6,93.3
11.7,76.3,7.0,77.0
9.7,75.6,7.9,77.0
24.5,67.6,7.1,100.0
10.4,74.3,2.7,72.6
9.4,91.4,9.4,81.6
15.5,66.0,7.9,75.0
19.8,78.7,6.6,100.0
14.0,95.1,6.9,91.6
23.2,100.0,4.7,99.8
18.7,78.7,5.2,85.3
0.0,81.7,9.8,48.4
11.3,86.6,7.3,83.7
11.1,98.2,6.9,62.6
18.4,86.6,4.8,100.0
0.0,83.4,8.7,49.9
32.8,81.4,4.1,100.0
18.7,91.1,4.4,98.5
16.0,89.9,6.6,72.0
23.3,81.2,2.0,100.0
31.4,94.5,4.8,100.0
21.1,89.8,5.9,98.8
21.6,80.0,6.8,100.0
15.9,71.7,8.9,84.9
14.0,100.0,8.8,82.6
11.7,83.1,5.1,72.2
9.2,84.6,7.4,68.5
10.2,83.4,3.7,79.3
5.5,75.5,7.6,59.4
14.5,81.2,6.9,93.4
3.2,95.3,7.0,56.0
16.3,94.4,5.0,78.3
14.7,79.4,6.5,96.4
16.0,78.5,6.8,84.9
11.3,55.5,4.5,77.3
36.5,66.0,2.3,100.0
24.5,86.3,3.5,100.0
6.3,80.5,2.7,86.4
16.6,61.3,7.0,91.4
10.7,76.3,7.2,71.9
7.9,100.0,4.9,66.5
5.6,87.9,2.7,66.5
18.0,73.4,8.4,85.1
10.2,96.3,4.8,77.2
21.8,87.4,5.1,100.0
22.0,88.4,7.2,99.1
24.6,79.5,7.6,100.0
9.0,100.0,3.8,84.3
18.3,77.3,4.9,98.3
19.4,90.9,5.2,99.8
11.7,86.2,2.9,81.5
9.6,90.3,6.6,94.0
26.3,75.1,4.1,100.0
16.6,77.2,2.0,100.0
19.5,100.0,7.3,97.0
9.2,68.5,3.8,63.5
6.5,78.6,6.7,64.3
11.0,100.0,5.6,77.2
14.1,79.4,2.0,60.0
7.6,86.4,5.3,64.9
14.9,71.8,7.7,79.9
3.2,85.6,7.0,65.8
7.2,84.7,6.9,93.1
19.7,94.0,7.8,100.0
19.2,66.3,6.7,91.8
12.3,86.8,5.3,84.0
7.9,91.9,5.6,74.1
7.8,100.0,4.9,62.4
12.4,82.8,7.4,78.5
19.5,99.8,5.7,90.8
21.5,81.9,5.1,88.5
11.5,80.6,6.0,85.3
6.9,98.7,9.0,46.6
16.9,88.6,6.7,87.8
9.2,100.0,4.6,75.5
11.4,70.1,5.7,87.9
24.3,89.9,7.5,100.0
20.8,79.3,5.6,85.4
16.1,85.7,6.4,94.2
6.1,94.3,2.5,60.9
16.5,91.8,5.7,100.0
22.4,84.3,5.0,100.0
12.4,85.9,5.8,85.3
24.5,100.0,6.6,100.0
24.0,93.1,10.0,100.0
26.6,91.9,7.0,99.5
17.1,76.4,3.8,77.5
19.1,82.0,5.9,100.0
24.9,100.0,5.1,100.0
18.1,86.7,4.1,95.3
11.5,81.6,6.3,87.4
11.9,84.3,4.9,67.6
16.7,91.8,9.2,88.7
6.0,69.1,6.2,77.8
14.0,100.0,2.2,100.0
22.7,94.0,4.3,100.0
0.0,73.8,5.6,41.5
25.7,78.3,2.7,100.0
22.9,100.0,5.1,100.0
11.8,88.1,7.6,90.0
18.8,97.5,7.8,100.0
15.0,51.5,4.6,83.9
23.6,87.5,8.9,100.0
21.9,83.7,7.3,96.6
5.2,89.0,4.4,55.6
19.1,81.5,5.6,100.0
13.6,76.1,4.2,91.4
15.6,66.3,6.6,85.7
9.9,87.7,6.9,72.4
27.2,73.4,8.5,100.0
22.3,81.6,7.4,100.0
9.8,99.8,7.5,78.3
5.7,89.3,4.7,64.2
12.3,82.7,6.3,88.5
18.0,95.3,3.6,91.9
16.7,90.5,5.7,100.0
23.8,81.4,4.9,100.0
20.5,72.2,5.6,94.5
21.8,96.3,10.0,100.0
17.3,78.4,6.6,96.0
5.3,85.9,9.2,69.9
13.6,79.9,2.2,93.9
22.4,87.3,2.9,100.0
14.6,79.7,6.5,88.6
18.5,78.6,1.6,100.0
12.8,94.5,7.4,82.4
7.8,82.0,8.9,81.5
14.1,81.2,6.3,63.2
17.2,80.5,6.7,100.0
10.4,100.0,6.5,66.0
13.4,90.6,3.4,73.1
8.4,78.7,7.5,67.5
22.8,96.6,5.0,100.0
12.9,87.8,5.0,83.3
25.2,82.7,5.4,90.2
25.7,75.7,5.6,100.0
14.4,78.2,4.2,71.1
7.9,87.6,8.4,60.4
0.4,95.3,6.4,48.5
4.7,100.0,6.5,51.5
5.4,97.3,5.3,80.4
24.6,90.3,8.8,100.0
15.8,68.1,6.8,95.2
17.7,66.3,4.4,96.7
0.0,93.9,3.8,70.5
6.6,77.1,10.0,64.8
21.2,77.2,4.4,100.0
17.0,76.5,2.5,100.0
14.0,87.8,4.4,92.4
19.0,88.1,5.2,96.1
26.5,99.7,6.8,100.0
13.5,96.4,9.7,95.6
15.5,80.4,5.4,97.1
16.3,80.1,6.9,94.9
31.7,99.6,1.9,100.0
0.3,81.3,8.5,36.6
19.8,98.5,10.0,89.6
14.2,83.9,5.4,100.0
19.0,76.8,6.3,100.0
10.4,78.8,5.4,84.2
14.7,73.2,7.3,92.8
20.0,86.3,5.3,100.0
36.8,80.4,6.5,100.0
20.7,71.7,5.0,88.0
9.1,90.7,6.9,89.1
12.0,84.3,6.4,60.5
11.8,96.9,5.8,81.4
2.4,96.2,3.2,41.1
12.7,72.4,5.5,75.3
20.1,87.3,4.8,100.0
6.1,80.0,6.1,75.1
22.3,100.0,7.5,93.5
18.4,82.3,6.9,87.6
9.9,87.8,4.9,77.1
14.0,74.6,5.9,100.0
